{"responses":[{"responseId":"R_plQP1ycvHUVZnWx","values":{"startDate":"2020-02-21T19:47:47Z","endDate":"2020-02-21T19:58:10Z","status":0,"progress":13,"duration":623,"finished":0,"recordedDate":"2020-02-28T21:07:43.312Z","_recordId":"R_plQP1ycvHUVZnWx","distributionChannel":"anonymous","userLanguage":"EN","QID614_TEXT":77,"QID615":["8"],"QID617":1,"QID618":5,"QID619":0,"QID620":2,"QID621":1,"QID622":1,"QID650":2,"QID651_TEXT":"Grace","QID652_TEXT":"Marshall","QID653_TEXT":"gam263@cornell.edu","QID654_TEXT":"4444444444","QID655_TEXT":"244 Garden Ave.","QID656_TEXT":"Ithaca","QID657_TEXT":"NY","QID658_TEXT":14850,"ClusterID":101,"IDNUM":2101012},"labels":{"status":"IP Address","finished":"False","QID615":["Word of mouth"],"QID617":"Male","QID618":"White","QID619":"No","QID620":"New York","QID621":"Jefferson County","QID622":"Township of Hounsfield/Sackets Harbor School District (zip code 13685), or one of the following hamlets/villages:\n\n Alverson (zip code 13601)\n Baggs Corner (zip code 13601)\n Boulton Beach (zip code 13685)\n Camps Mills (zip code 13601)\n East Hounsfield (zip code 13601)\n Field's Settlement (zip code 13601)\n Jewettville (zip code 13685)\n Maxon Corners\n Paddy Hill (zip code 13634)\n Purpura Corners\n Sackets Harbor (zip code 13685)\n Stowell Corners\n Sulphur Springs (zip code 13601)\n","QID650":"Ms."},"displayedFields":["QID654_TEXT","QID657_TEXT","QID651_TEXT","QID658_TEXT","QID653_TEXT","QID617","QID618","QID656_TEXT","QID619","QID615","QID620","QID621","QID614_TEXT","QID655_TEXT","QID622","QID650","QID652_TEXT"],"displayedValues":{"QID617":[1,2,3,9],"QID618":[1,2,3,4,5,6,7,9],"QID619":[1,0,9],"QID615":["1","2","3","4","5","6","7","8"],"QID620":[2,1,9],"QID621":[1,2,3,9],"QID622":[1,2,9],"QID650":[1,2,3,4,5]}},{"responseId":"R_3PY7xLuX3RJbLP5","values":{"startDate":"2020-02-21T20:16:03Z","endDate":"2020-02-21T20:21:13Z","status":0,"progress":13,"duration":310,"finished":0,"recordedDate":"2020-02-28T21:08:30.714Z","_recordId":"R_3PY7xLuX3RJbLP5","distributionChannel":"anonymous","userLanguage":"EN","QID614_TEXT":55,"QID615":["7"],"QID617":2,"QID618":4,"QID619":0,"QID620":1,"QID624":3,"QID650":2,"QID651_TEXT":"Grace","QID652_TEXT":"Marshall","QID653_TEXT":"gam263@cornell.edu","QID654_TEXT":"6656666666","QID655_TEXT":"410 Savage Hall","QID656_TEXT":"Ithaca","QID657_TEXT":"New York","QID658_TEXT":14850,"ClusterID":102,"IDNUM":13010210},"labels":{"status":"IP Address","finished":"False","QID615":["Radio"],"QID617":"Female","QID618":"Black or African American","QID619":"No","QID620":"Texas","QID624":"Dimmitt","QID650":"Ms."},"displayedFields":["QID654_TEXT","QID657_TEXT","QID651_TEXT","QID658_TEXT","QID653_TEXT","QID617","QID618","QID656_TEXT","QID619","QID624","QID615","QID620","QID614_TEXT","QID655_TEXT","QID650","QID652_TEXT"],"displayedValues":{"QID617":[1,2,3,9],"QID618":[1,2,3,4,5,6,7,9],"QID619":[1,0,9],"QID624":[1,2,3,4,5,6,9],"QID615":["1","2","3","4","5","6","7","8"],"QID620":[2,1,9],"QID650":[1,2,3,4,5]}},{"responseId":"R_21EZnVo2A6wAAYk","values":{"startDate":"2020-02-24T19:15:15Z","endDate":"2020-02-24T19:36:04Z","status":0,"progress":13,"duration":1249,"finished":0,"recordedDate":"2020-03-02T19:36:40.134Z","_recordId":"R_21EZnVo2A6wAAYk","distributionChannel":"anonymous","userLanguage":"EN","QID614_TEXT":55,"QID615":["2"],"QID617":2,"QID618":5,"QID619":0,"QID620":1,"QID624":2,"QID650":2,"QID651_TEXT":"Grace","QID652_TEXT":"Marshall","QID653_TEXT":"gam263@cornell.edu","QID654_TEXT":"9999999999","QID655_TEXT":"410 Savage Hall","QID656_TEXT":"Ithaca","QID657_TEXT":"New York","QID658_TEXT":14850,"ClusterID":185,"IDNUM":12018511},"labels":{"status":"IP Address","finished":"False","QID615":["Twitter"],"QID617":"Female","QID618":"White","QID619":"No","QID620":"Texas","QID624":"Meridian","QID650":"Ms."},"displayedFields":["QID654_TEXT","QID657_TEXT","QID651_TEXT","QID658_TEXT","QID653_TEXT","QID617","QID618","QID656_TEXT","QID619","QID624","QID615","QID620","QID614_TEXT","QID655_TEXT","QID650","QID652_TEXT"],"displayedValues":{"QID617":[1,2,3,9],"QID618":[1,2,3,4,5,6,7,9],"QID619":[1,0,9],"QID624":[1,2,3,4,5,6,9],"QID615":["1","2","3","4","5","6","7","8"],"QID620":[2,1,9],"QID650":[1,2,3,4,5]}},{"responseId":"R_etSG3cF2xmqzGrT","values":{"startDate":"2020-02-24T20:12:04Z","endDate":"2020-02-24T20:12:45Z","status":0,"progress":13,"duration":41,"finished":0,"recordedDate":"2020-03-02T20:12:51.848Z","_recordId":"R_etSG3cF2xmqzGrT","distributionChannel":"anonymous","userLanguage":"EN","QID614_TEXT":33,"QID615":["7"],"QID617":2,"QID618":5,"QID619":0,"QID620":1,"QID624":4,"QID650":2,"QID651_TEXT":"Grace","QID652_TEXT":"Marshall","QID653_TEXT":"gracemarshall@outlook.com","QID654_TEXT":"6666666666","QID655_TEXT":"108 E Marshall Street","QID656_TEXT":"Ithaca","QID657_TEXT":"NY","QID658_TEXT":14850,"ClusterID":201,"IDNUM":14020111},"labels":{"status":"IP Address","finished":"False","QID615":["Radio"],"QID617":"Female","QID618":"White","QID619":"No","QID620":"Texas","QID624":"Littlefield and surrounding towns","QID650":"Ms."},"displayedFields":["QID654_TEXT","QID657_TEXT","QID651_TEXT","QID658_TEXT","QID653_TEXT","QID617","QID618","QID656_TEXT","QID619","QID624","QID615","QID620","QID614_TEXT","QID655_TEXT","QID650","QID652_TEXT"],"displayedValues":{"QID617":[1,2,3,9],"QID618":[1,2,3,4,5,6,7,9],"QID619":[1,0,9],"QID624":[1,2,3,4,5,6,9],"QID615":["1","2","3","4","5","6","7","8"],"QID620":[2,1,9],"QID650":[1,2,3,4,5]}}]}