{"responses":[{"responseId":"R_plQP1ycvHUVZnWx","values":{"startDate":"2020-02-21T19:47:47Z","endDate":"2020-02-21T19:58:10Z","status":0,"progress":13,"duration":623,"finished":0,"recordedDate":"2020-02-28T21:07:43.312Z","_recordId":"R_plQP1ycvHUVZnWx","distributionChannel":"anonymous","userLanguage":"EN","QID614_TEXT":77,"QID615":["8"],"QID617":1,"QID618":5,"QID619":0,"QID620":2,"QID621":1,"QID622":1,"QID650":2,"QID651_TEXT":"Grace","QID652_TEXT":"Marshall","QID653_TEXT":"gam263@cornell.edu","QID654_TEXT":"4444444444","QID655_TEXT":"244 Garden Ave.","QID656_TEXT":"Ithaca","QID657_TEXT":"NY","QID658_TEXT":14850,"ClusterID":101,"IDNUM":2101012},"labels":{"status":"IP Address","finished":"False","QID615":["Word of mouth"],"QID617":"Male","QID618":"White","QID619":"No","QID620":"New York","QID621":"Jefferson County","QID622":"Township of Hounsfield/Sackets Harbor School District (zip code 13685), or one of the following hamlets/villages:\n\n Alverson (zip code 13601)\n Baggs Corner (zip code 13601)\n Boulton Beach (zip code 13685)\n Camps Mills (zip code 13601)\n East Hounsfield (zip code 13601)\n Field's Settlement (zip code 13601)\n Jewettville (zip code 13685)\n Maxon Corners\n Paddy Hill (zip code 13634)\n Purpura Corners\n Sackets Harbor (zip code 13685)\n Stowell Corners\n Sulphur Springs (zip code 13601)\n","QID650":"Ms."},"displayedFields":["QID654_TEXT","QID657_TEXT","QID651_TEXT","QID658_TEXT","QID653_TEXT","QID617","QID618","QID656_TEXT","QID619","QID615","QID620","QID621","QID614_TEXT","QID655_TEXT","QID622","QID650","QID652_TEXT"],"displayedValues":{"QID617":[1,2,3,9],"QID618":[1,2,3,4,5,6,7,9],"QID619":[1,0,9],"QID615":["1","2","3","4","5","6","7","8"],"QID620":[2,1,9],"QID621":[1,2,3,9],"QID622":[1,2,9],"QID650":[1,2,3,4,5]}},{"responseId":"R_3PY7xLuX3RJbLP5","values":{"startDate":"2020-02-21T20:16:03Z","endDate":"2020-02-21T20:21:13Z","status":0,"progress":13,"duration":310,"finished":0,"recordedDate":"2020-02-28T21:08:30.714Z","_recordId":"R_3PY7xLuX3RJbLP5","distributionChannel":"anonymous","userLanguage":"EN","QID614_TEXT":55,"QID615":["7"],"QID617":2,"QID618":4,"QID619":0,"QID620":1,"QID624":3,"QID650":2,"QID651_TEXT":"Grace","QID652_TEXT":"Marshall","QID653_TEXT":"gam263@cornell.edu","QID654_TEXT":"6656666666","QID655_TEXT":"410 Savage Hall","QID656_TEXT":"Ithaca","QID657_TEXT":"New York","QID658_TEXT":14850,"ClusterID":102,"IDNUM":13010210},"labels":{"status":"IP Address","finished":"False","QID615":["Radio"],"QID617":"Female","QID618":"Black or African American","QID619":"No","QID620":"Texas","QID624":"Dimmitt","QID650":"Ms."},"displayedFields":["QID654_TEXT","QID657_TEXT","QID651_TEXT","QID658_TEXT","QID653_TEXT","QID617","QID618","QID656_TEXT","QID619","QID624","QID615","QID620","QID614_TEXT","QID655_TEXT","QID650","QID652_TEXT"],"displayedValues":{"QID617":[1,2,3,9],"QID618":[1,2,3,4,5,6,7,9],"QID619":[1,0,9],"QID624":[1,2,3,4,5,6,9],"QID615":["1","2","3","4","5","6","7","8"],"QID620":[2,1,9],"QID650":[1,2,3,4,5]}},{"responseId":"R_21EZnVo2A6wAAYk","values":{"startDate":"2020-02-24T19:15:15Z","endDate":"2020-02-24T19:36:04Z","status":0,"progress":13,"duration":1249,"finished":0,"recordedDate":"2020-03-02T19:36:40.134Z","_recordId":"R_21EZnVo2A6wAAYk","distributionChannel":"anonymous","userLanguage":"EN","QID614_TEXT":55,"QID615":["2"],"QID617":2,"QID618":5,"QID619":0,"QID620":1,"QID624":2,"QID650":2,"QID651_TEXT":"Grace","QID652_TEXT":"Marshall","QID653_TEXT":"gam263@cornell.edu","QID654_TEXT":"9999999999","QID655_TEXT":"410 Savage Hall","QID656_TEXT":"Ithaca","QID657_TEXT":"New York","QID658_TEXT":14850,"ClusterID":185,"IDNUM":12018511},"labels":{"status":"IP Address","finished":"False","QID615":["Twitter"],"QID617":"Female","QID618":"White","QID619":"No","QID620":"Texas","QID624":"Meridian","QID650":"Ms."},"displayedFields":["QID654_TEXT","QID657_TEXT","QID651_TEXT","QID658_TEXT","QID653_TEXT","QID617","QID618","QID656_TEXT","QID619","QID624","QID615","QID620","QID614_TEXT","QID655_TEXT","QID650","QID652_TEXT"],"displayedValues":{"QID617":[1,2,3,9],"QID618":[1,2,3,4,5,6,7,9],"QID619":[1,0,9],"QID624":[1,2,3,4,5,6,9],"QID615":["1","2","3","4","5","6","7","8"],"QID620":[2,1,9],"QID650":[1,2,3,4,5]}},{"responseId":"R_etSG3cF2xmqzGrT","values":{"startDate":"2020-02-24T20:12:04Z","endDate":"2020-02-24T20:12:45Z","status":0,"progress":13,"duration":41,"finished":0,"recordedDate":"2020-03-02T20:12:51.848Z","_recordId":"R_etSG3cF2xmqzGrT","distributionChannel":"anonymous","userLanguage":"EN","QID614_TEXT":33,"QID615":["7"],"QID617":2,"QID618":5,"QID619":0,"QID620":1,"QID624":4,"QID650":2,"QID651_TEXT":"Grace","QID652_TEXT":"Marshall","QID653_TEXT":"gracemarshall@outlook.com","QID654_TEXT":"6666666666","QID655_TEXT":"108 E Marshall Street","QID656_TEXT":"Ithaca","QID657_TEXT":"NY","QID658_TEXT":14850,"ClusterID":201,"IDNUM":14020111},"labels":{"status":"IP Address","finished":"False","QID615":["Radio"],"QID617":"Female","QID618":"White","QID619":"No","QID620":"Texas","QID624":"Littlefield and surrounding towns","QID650":"Ms."},"displayedFields":["QID654_TEXT","QID657_TEXT","QID651_TEXT","QID658_TEXT","QID653_TEXT","QID617","QID618","QID656_TEXT","QID619","QID624","QID615","QID620","QID614_TEXT","QID655_TEXT","QID650","QID652_TEXT"],"displayedValues":{"QID617":[1,2,3,9],"QID618":[1,2,3,4,5,6,7,9],"QID619":[1,0,9],"QID624":[1,2,3,4,5,6,9],"QID615":["1","2","3","4","5","6","7","8"],"QID620":[2,1,9],"QID650":[1,2,3,4,5]}},{"responseId":"R_RUXsnqAjqKBooKt","values":{"startDate":"2020-03-19T00:40:08Z","endDate":"2020-03-19T00:43:44Z","status":0,"progress":100,"duration":215,"finished":1,"recordedDate":"2020-03-19T00:43:44.765Z","_recordId":"R_RUXsnqAjqKBooKt","distributionChannel":"anonymous","userLanguage":"EN","QID614_TEXT":24,"QID615":["6"],"QID617":1,"QID618":1,"QID619":0,"QID620":1,"QID624":2,"QID650":1,"QID651_TEXT":"Henry","QID652_TEXT":"Lewis","QID653_TEXT":"H45L@gmail.com","QID654_TEXT":"9725896314","QID655_TEXT":"78934 Main Street","QID656_TEXT":"Coppel","QID657_TEXT":"TX","QID658_TEXT":75214,"QID565":0},"labels":{"status":"IP Address","finished":"True","QID615":["Newspaper"],"QID617":"Male","QID618":"American Indian/Alaska Native","QID619":"No","QID620":"Texas","QID624":"Meridian","QID650":"Mr.","QID565":"I do not consent to take part in this study"},"displayedFields":["QID654_TEXT","QID657_TEXT","QID651_TEXT","QID658_TEXT","QID653_TEXT","QID617","QID618","QID656_TEXT","QID619","QID624","QID615","QID620","QID565","QID614_TEXT","QID655_TEXT","QID650","QID565_1_TEXT","QID652_TEXT"],"displayedValues":{"QID617":[1,2,3,9],"QID618":[1,2,3,4,5,6,7,9],"QID619":[1,0,9],"QID624":[1,2,3,4,5,6,9],"QID615":["1","2","3","4","5","6","7","8"],"QID620":[2,1,9],"QID565":[1,0],"QID650":[1,2,3,4,5]}},{"responseId":"R_eKWG1eJrDiYlwsh","values":{"startDate":"2020-03-19T00:43:54Z","endDate":"2020-03-19T01:29:21Z","status":0,"progress":100,"duration":2725,"finished":1,"recordedDate":"2020-03-19T01:29:21.962Z","_recordId":"R_eKWG1eJrDiYlwsh","distributionChannel":"anonymous","userLanguage":"EN","QID614_TEXT":36,"QID615":["5"],"QID617":2,"QID618":4,"QID619":0,"QID620":1,"QID624":4,"QID650":2,"QID651_TEXT":"Vivian","QID652_TEXT":"Lewis","QID653_TEXT":"Vlewis@yahoo.com","QID654_TEXT":"2145987634","QID655_TEXT":"153 Central FM Rd","QID656_TEXT":"Littlefield","QID657_TEXT":"TX","QID658_TEXT":75312,"QID565":1,"QID565_1_TEXT":"Vivian Lewis","QID568_TEXT":"John","QID588_TEXT":"Pegan","QID570":5,"QID571":2,"QID572":2,"QID573":2,"QID574":2,"QID575":3,"QID576":3,"QID342_4":3,"QID342_5":3,"QID342_6":4,"QID342_7":4,"QID342_8":4,"QID342_9":3,"QID342_10":4,"QID350_6":2,"QID350_7":2,"QID350_8":2,"QID350_9":2,"QID350_10":2,"QID350_11":2,"QID350_12":2,"QID350_13":2,"QID350_14":3,"QID350_15":3,"QID350_16":3,"QID350_17":2,"QID363_4":2,"QID363_5":2,"QID363_6":2,"QID363_7":1,"QID363_8":2,"QID2_1":0,"QID2_2":0,"QID2_3":0,"QID2_4":0,"QID2_5":0,"QID2_6":0,"QID2_7":0,"QID2_8":0,"QID10":2,"QID11":3,"QID13_4":3,"QID13_5":3,"QID13_6":3,"QID13_7":3,"QID13_8":3,"QID13_9":3,"QID13_10":3,"QID13_11":3,"QID13_12":3,"QID13_13":3,"QID24":0,"QID25":0,"QID26":0,"QID27":0,"QID29":0,"QID30":0,"QID31":0,"QID32":1,"QID33":1,"QID34":1,"QID35_6":2,"QID35_7":5,"QID35_8":6,"QID35_9":2,"QID35_10":2,"QID35_11":6,"QID35_12":6,"QID35_13":2,"QID35_14":6,"QID35_15":6,"QID46_4":5,"QID46_5":2,"QID46_6":4,"QID46_7":2,"QID322":3,"QID323":2,"QID324":2,"QID326":3,"QID327":1,"QID328":1,"QID329":1,"QID330":1,"QID331":1,"QID531":1,"QID532":2,"QID533":1,"QID534":1,"QID535":1,"QID536":0,"QID537":1,"QID538":2,"QID332_4":7,"QID332_5":7,"QID332_6":6,"QID332_7":7,"QID337_4":4,"QID337_5":4,"QID337_6":4,"QID337_7":4,"QID369_1":2,"QID369_2":2,"QID369_3":2,"QID369_4":4,"QID369_5":2,"QID369_6":2,"QID369_7":2,"QID369_8":2,"QID369_9":2,"QID369_10":4,"QID369_11":4,"QID369_12":4,"QID369_13":4,"QID369_14":4,"QID369_15":4,"QID369_16":3,"QID369_17":4,"QID369_18":3,"QID387_4":4,"QID387_5":4,"QID387_6":4,"QID387_7":2,"QID387_8":3,"QID387_9":2,"QID387_10":3,"QID387_11":3,"QID387_12":4,"QID387_13":3,"QID387_14":3,"QID387_15":3,"QID387_16":4,"QID387_17":4,"QID387_18":4,"QID387_19":2,"QID387_20":4,"QID387_21":2,"QID387_22":4,"QID387_23":2,"QID387_24":4,"QID387_25":4,"QID387_26":4,"QID284_4":6,"QID284_5":6,"QID284_6":6,"QID284_7":6,"QID284_8":5,"QID284_9":5,"QID284_10":4,"QID284_11":3,"QID293_6":5,"QID293_7":5,"QID293_8":6,"QID293_9":6,"QID293_10":5,"QID293_11":3,"QID300_4":1,"QID300_5":1,"QID300_6":4,"QID300_7":4,"QID300_8":4,"QID300_9":4,"QID300_10":4,"QID300_11":4,"QID300_12":4,"QID300_13":4,"QID311_1":4,"QID311_2":4,"QID311_3":4,"QID311_4":4,"QID311_5":3,"QID311_6":3,"QID311_7":4,"QID311_8":4,"QID608":2,"QID609":2,"QID442_4":5,"QID442_5":5,"QID442_6":4,"QID442_7":5,"QID442_8":5,"QID442_9":4,"QID442_10":5,"QID442_11":4,"QID442_12":6,"QID442_13":4,"QID442_36":4,"QID442_37":4,"QID442_38":4,"QID442_39":4,"QID442_40":4,"QID442_41":4,"QID442_42":4,"QID442_43":4,"QID442_44":4,"QID442_45":4,"QID442_46":4,"QID442_47":4,"QID442_48":3,"QID442_49":4,"QID442_50":4,"QID442_51":3,"QID442_52":4,"QID442_53":3,"QID442_54":3,"QID442_55":3,"QID592_10":8,"QID592_1":8,"QID592_2":7,"QID592_3":1,"QID592_4":1,"QID592_5":2,"QID592_6":6,"QID592_7":4,"QID592_8":3,"QID592_9":3,"QID593":2,"QID594":3,"QID595":3,"QID598":3,"QID599":3,"QID601":2,"QID600":2,"QID510_1":2,"QID510_2":1,"QID510_3":1,"QID510_4":1,"QID510_5":7,"QID510_6":1,"QID510_7":1,"QID510_8":1,"QID510_9":1,"QID510_10":1,"QID510_11":1,"QID510_12":1,"QID510_13":1,"QID586_4":1,"QID586_5":1,"QID586_6":1,"QID586_7":1,"QID586_8":2,"QID586_9":2,"QID586_10":1,"QID586_11":1,"QID473_4":4,"QID473_5":4,"QID473_6":4,"QID473_7":4,"QID473_8":3,"QID473_9":3,"QID473_10":3,"QID223_4":3,"QID223_5":3,"QID223_6":3,"QID223_7":3,"QID223_8":2,"QID223_9":3,"QID223_10":2,"QID223_11":2,"QID223_12":2,"QID223_13":2,"QID223_14":3,"QID223_15":2,"QID223_16":2,"QID223_17":2,"QID223_18":2,"QID223_19":2,"QID223_20":2,"QID223_21":3,"QID223_22":2,"QID223_23":2,"QID212_4":3,"QID212_5":3,"QID212_6":2,"QID212_7":2,"QID212_8":2,"QID212_9":2,"QID212_10":3,"QID212_11":2,"QID212_12":5,"QID212_13":4,"QID238_11":4,"QID238_12":4,"QID238_13":3,"QID238_14":4,"QID238_15":4,"QID238_16":3,"QID76":0,"QID78":7,"QID79_TEXT":60,"QID80":5,"QID81_TEXT":60,"QID82":5,"QID83_TEXT":60,"QID85":6,"QID86_TEXT":45,"QID88":0,"QID89_TEXT":30,"QID90":4,"QID91_TEXT":60,"QID93":2,"QID94_TEXT":20,"QID95":5,"QID96_TEXT":30,"QID97":3,"QID98_TEXT":25,"QID100":5,"QID101_TEXT":60,"QID102":2,"QID103_TEXT":60,"QID104":1,"QID105_TEXT":45,"QID106_TEXT":60,"QID107_TEXT":"20","QID108_TEXT":60,"QID109_TEXT":20,"QID110_TEXT":120,"QID111_TEXT":40,"QID112_TEXT":"40","QID113_TEXT":35,"QID128_1":3,"QID128_2":2,"QID128_3":4,"QID128_4":3,"QID128_5":4,"QID128_6":3,"QID128_7":4,"QID128_8":4,"QID128_9":2,"QID128_10":4,"QID128_11":2,"QID128_12":4,"QID128_13":4,"QID128_14":3,"QID142_4":3,"QID142_5":3,"QID142_6":2,"QID142_7":3,"QID142_8":3,"QID142_9":1,"QID142_10":2,"QID142_11":2,"QID142_12":2,"QID142_13":2,"QID142_14":2,"QID142_15":2,"QID147_8":3,"QID147_9":4,"QID147_10":3,"QID147_11":3,"QID147_12":3,"QID147_13":3,"QID497":6,"QID498":2,"QID499_4":2,"QID499_5":2,"QID499_6":3,"QID499_7":2,"QID499_8":3,"QID499_9":4,"QID499_10":2,"QID499_11":4,"QID611_11":2,"QID611_12":2,"QID612_4":2,"QID612_5":2,"QID273_6":3,"QID273_7":4,"QID273_8":4,"QID273_9":2,"QID273_10":4,"QID273_12":4,"QID273_13":3,"QID273_14":3,"QID246_7":4,"QID246_8":4,"QID246_9":4,"QID250":1,"QID251":3,"QID252":1,"QID253":1,"QID254":1,"QID255_9":2,"QID255_10":3,"QID255_11":4,"QID255_12":4,"QID255_13":4,"QID261":2,"QID262_1":1,"QID262_2":2,"QID262_3":1,"QID265":5,"QID266":3,"QID267":2,"QID268_4":4,"QID268_5":2,"QID268_6":4,"QID268_7":4,"QID114":6,"QID115":0,"QID116":4,"QID117":5,"QID118":4,"QID119":5,"QID120":2,"QID122":4,"QID124":6,"QID125_TEXT":1975,"QID126":2,"QID52":3,"QID53":3,"QID54":0,"QID56":0,"QID57":0,"QID59":0,"QID60":0,"QID61":0},"labels":{"status":"IP Address","finished":"True","QID615":["Flyer"],"QID617":"Female","QID618":"Black or African American","QID619":"No","QID620":"Texas","QID624":"Littlefield and surrounding towns","QID650":"Ms.","QID565":"I consent to take part in this studyEnter name below:","QID570":"Friend","QID571":"Somewhat close","QID572":"Middle circle (people to whom you may not feel quite as close to but who are still very important to you)","QID573":"Several times a week","QID574":"Lives within walking distance","QID575":"Sometimes","QID576":"Sometimes","QID342_4":"3","QID342_5":"3","QID342_6":"4","QID342_7":"4","QID342_8":"4","QID342_9":"3","QID342_10":"4","QID350_6":"Somewhat","QID350_7":"Somewhat","QID350_8":"Somewhat","QID350_9":"Somewhat","QID350_10":"Somewhat","QID350_11":"Somewhat","QID350_12":"Somewhat","QID350_13":"Somewhat","QID350_14":"Mostly","QID350_15":"Mostly","QID350_16":"Mostly","QID350_17":"Somewhat","QID363_4":"Important but not a top priority","QID363_5":"Important but not a top priority","QID363_6":"Important but not a top priority","QID363_7":"Top priority","QID363_8":"Important but not a top priority","QID2_1":"No","QID2_2":"No","QID2_3":"No","QID2_4":"No","QID2_5":"No","QID2_6":"No","QID2_7":"No","QID2_8":"No","QID10":"Very good","QID11":"About the same","QID13_4":"No, not limited at all","QID13_5":"No, not limited at all","QID13_6":"No, not limited at all","QID13_7":"No, not limited at all","QID13_8":"No, not limited at all","QID13_9":"No, not limited at all","QID13_10":"No, not limited at all","QID13_11":"No, not limited at all","QID13_12":"No, not limited at all","QID13_13":"No, not limited at all","QID24":"No","QID25":"No","QID26":"No","QID27":"No","QID29":"No","QID30":"No","QID31":"No","QID32":"Not at all","QID33":"None","QID34":"Not at all","QID35_6":"Most of the time","QID35_7":"A little of the time","QID35_8":"None of the time","QID35_9":"Most of the time","QID35_10":"Most of the time","QID35_11":"None of the time","QID35_12":"None of the time","QID35_13":"Most of the time","QID35_14":"None of the time","QID35_15":"None of the time","QID46_4":"Definitely false","QID46_5":"Mostly true","QID46_6":"Mostly false","QID46_7":"Mostly true","QID322":"3 or 4","QID323":"2","QID324":"2","QID326":"3 or 4","QID327":"1","QID328":"1","QID329":"Yes","QID330":"Yes","QID331":"Yes","QID531":"Yes","QID532":"20 to 39 hours","QID533":"Yes","QID534":"Yes","QID535":"Yes","QID536":"No","QID537":"Yes","QID538":"A little better off","QID332_4":"Agree completely7","QID332_5":"Agree completely7","QID332_6":"6","QID332_7":"Agree completely7","QID337_4":"Agree","QID337_5":"Agree","QID337_6":"Agree","QID337_7":"Agree","QID369_1":"Disagree","QID369_2":"Disagree","QID369_3":"Disagree","QID369_4":"Agree","QID369_5":"Disagree","QID369_6":"Disagree","QID369_7":"Disagree","QID369_8":"Disagree","QID369_9":"Disagree","QID369_10":"Agree","QID369_11":"Agree","QID369_12":"Agree","QID369_13":"Agree","QID369_14":"Agree","QID369_15":"Agree","QID369_16":"Neither agree nor disagree","QID369_17":"Agree","QID369_18":"Neither agree nor disagree","QID387_4":"Agree","QID387_5":"Agree","QID387_6":"Agree","QID387_7":"Disagree","QID387_8":"Neither agree nor disagree","QID387_9":"Disagree","QID387_10":"Neither agree nor disagree","QID387_11":"Neither agree nor disagree","QID387_12":"Agree","QID387_13":"Neither agree nor disagree","QID387_14":"Neither agree nor disagree","QID387_15":"Neither agree nor disagree","QID387_16":"Agree","QID387_17":"Agree","QID387_18":"Agree","QID387_19":"Disagree","QID387_20":"Agree","QID387_21":"Disagree","QID387_22":"Agree","QID387_23":"Disagree","QID387_24":"Agree","QID387_25":"Agree","QID387_26":"Agree","QID284_4":"6","QID284_5":"6","QID284_6":"6","QID284_7":"6","QID284_8":"5","QID284_9":"5","QID284_10":"4","QID284_11":"3","QID293_6":"5","QID293_7":"5","QID293_8":"6","QID293_9":"6","QID293_10":"5","QID293_11":"3","QID300_4":"Strongly disagree","QID300_5":"Strongly disagree","QID300_6":"Agree","QID300_7":"Agree","QID300_8":"Agree","QID300_9":"Agree","QID300_10":"Agree","QID300_11":"Agree","QID300_12":"Agree","QID300_13":"Agree","QID311_1":"Agree","QID311_2":"Agree","QID311_3":"Agree","QID311_4":"Agree","QID311_5":"Neither agree nor disagree","QID311_6":"Neither agree nor disagree","QID311_7":"Agree","QID311_8":"Agree","QID608":"Somewhat motivated","QID609":"Somewhat motivated","QID442_4":"5","QID442_5":"5","QID442_6":"4","QID442_7":"5","QID442_8":"5","QID442_9":"4","QID442_10":"5","QID442_11":"4","QID442_12":"Strongly Agree6","QID442_13":"4","QID442_36":"4","QID442_37":"4","QID442_38":"4","QID442_39":"4","QID442_40":"4","QID442_41":"4","QID442_42":"4","QID442_43":"4","QID442_44":"4","QID442_45":"4","QID442_46":"4","QID442_47":"4","QID442_48":"3","QID442_49":"4","QID442_50":"4","QID442_51":"3","QID442_52":"4","QID442_53":"3","QID442_54":"3","QID442_55":"3","QID592_10":"3 per day","QID592_1":"3 per day","QID592_2":"2 per day","QID592_3":"Never","QID592_4":"Never","QID592_5":"1-3 last month","QID592_6":"1 per day","QID592_7":"3-4 per week","QID592_8":"1-2 per week","QID592_9":"1-2 per week","QID593":"&frac34 - 1&frac14 cup\n(6 - 10 oz)","QID594":"2 med fruits (1 cup)","QID595":"About 2 cups","QID598":"1 - 1½ cups","QID599":"1 -2 cups","QID601":"½ cup","QID600":"1 - 2 cups","QID510_1":"1 per week","QID510_2":"Never or less than 1 per week","QID510_3":"Never or less than 1 per week","QID510_4":"Never or less than 1 per week","QID510_5":"4+ per day","QID510_6":"Never or less than 1 per week","QID510_7":"Never or less than 1 per week","QID510_8":"Never or less than 1 per week","QID510_9":"Never or less than 1 per week","QID510_10":"Never or less than 1 per week","QID510_11":"Never or less than 1 per week","QID510_12":"Never or less than 1 per week","QID510_13":"Never or less than 1 per week","QID586_4":"Never or less than 1 per week","QID586_5":"Never or less than 1 per week","QID586_6":"Never or less than 1 per week","QID586_7":"Never or less than 1 per week","QID586_8":"1 per week","QID586_9":"1 per week","QID586_10":"Never or less than 1 per week","QID586_11":"Never or less than 1 per week","QID473_4":"Agree","QID473_5":"Agree","QID473_6":"Agree","QID473_7":"Agree","QID473_8":"Neither agree nor disagree","QID473_9":"Neither agree nor disagree","QID473_10":"Neither agree nor disagree","QID223_4":"Moderately confident","QID223_5":"Moderately confident","QID223_6":"Moderately confident","QID223_7":"Moderately confident","QID223_8":"Somewhat confident","QID223_9":"Moderately confident","QID223_10":"Somewhat confident","QID223_11":"Somewhat confident","QID223_12":"Somewhat confident","QID223_13":"Somewhat confident","QID223_14":"Moderately confident","QID223_15":"Somewhat confident","QID223_16":"Somewhat confident","QID223_17":"Somewhat confident","QID223_18":"Somewhat confident","QID223_19":"Somewhat confident","QID223_20":"Somewhat confident","QID223_21":"Moderately confident","QID223_22":"Somewhat confident","QID223_23":"Somewhat confident","QID212_4":"Moderately confident","QID212_5":"Moderately confident","QID212_6":"Somewhat confident","QID212_7":"Somewhat confident","QID212_8":"Somewhat confident","QID212_9":"Somewhat confident","QID212_10":"Moderately confident","QID212_11":"Somewhat confident","QID212_12":"Completely confident","QID212_13":"Very confident","QID238_11":"Often","QID238_12":"Often","QID238_13":"A few times","QID238_14":"Often","QID238_15":"Often","QID238_16":"A few times","QID76":"No","QID78":"7 days","QID80":"5 days","QID82":"5 days","QID85":"6 days","QID88":"0 days","QID90":"4 days","QID93":"2 days","QID95":"5 days","QID97":"3 days","QID100":"5 days","QID102":"2 days","QID104":"1 day","QID128_1":"Neither agree nor disagree","QID128_2":"Disagree","QID128_3":"Agree","QID128_4":"Neither agree nor disagree","QID128_5":"Agree","QID128_6":"Neither agree nor disagree","QID128_7":"Agree","QID128_8":"Agree","QID128_9":"Disagree","QID128_10":"Agree","QID128_11":"Disagree","QID128_12":"Agree","QID128_13":"Agree","QID128_14":"Neither agree nor disagree","QID142_4":"Moderately confident","QID142_5":"Moderately confident","QID142_6":"Somewhat confident","QID142_7":"Moderately confident","QID142_8":"Moderately confident","QID142_9":"Not at all confident","QID142_10":"Somewhat confident","QID142_11":"Somewhat confident","QID142_12":"Somewhat confident","QID142_13":"Somewhat confident","QID142_14":"Somewhat confident","QID142_15":"Somewhat confident","QID147_8":"A few times","QID147_9":"Often","QID147_10":"A few times","QID147_11":"A few times","QID147_12":"A few times","QID147_13":"A few times","QID497":"Treadmill (home or gym)","QID498":"1 to 3 times per month","QID499_4":"Disagree","QID499_5":"Disagree","QID499_6":"Neither agree nor disagree","QID499_7":"Disagree","QID499_8":"Neither agree nor disagree","QID499_9":"Agree","QID499_10":"Disagree","QID499_11":"Agree","QID611_11":"Disagree","QID611_12":"Disagree","QID612_4":"Disagree","QID612_5":"Disagree","QID273_6":"Neither agree nor disagree","QID273_7":"Agree","QID273_8":"Agree","QID273_9":"Disagree","QID273_10":"Agree","QID273_12":"Agree","QID273_13":"Neither agree nor disagree","QID273_14":"Neither agree nor disagree","QID246_7":"Somewhat agree","QID246_8":"Somewhat agree","QID246_9":"Somewhat agree","QID250":"More than once a week","QID251":"More than two stores","QID252":"Supermarket","QID253":"Drive your own car","QID254":"More than 30 minutes","QID255_9":"A little important","QID255_10":"Somewhat important","QID255_11":"Very important","QID255_12":"Very important","QID255_13":"Very important","QID261":"Somewhat expensive","QID262_1":"Never","QID262_2":"1-2 times per week","QID262_3":"Never","QID265":"I do not eat at fast food restaurants","QID266":"11 to 20 minutes","QID267":"Somewhat important","QID268_4":"Agree","QID268_5":"Disagree","QID268_6":"Agree","QID268_7":"Agree","QID114":"Never been married","QID115":"No","QID116":"Black or African American","QID117":"A homemaker","QID118":"$20,000 to less than $25,000","QID119":"Some college","QID120":"2","QID122":"4","QID124":"June","QID126":"Female","QID52":"Never true","QID53":"Never true","QID54":"No","QID56":"No","QID57":"No","QID59":"No","QID60":"No","QID61":"No"},"displayedFields":["QID311_5","QID311_4","QID311_7","QID311_6","QID311_1","QID311_3","QID311_2","QID369_9","QID83_TEXT","QID300_8","QID369_8","QID300_9","QID369_7","QID369_6","QID369_5","QID34","QID33","QID32","QID565_1_TEXT","QID31","QID30","QID311_8","QID128_5","QID128_4","QID128_7","QID128_6","QID112_TEXT","QID128_9","QID128_8","QID59","QID57","QID56","QID54","QID53","QID52","QID300_4","QID369_4","QID300_5","QID369_3","QID300_6","QID369_2","QID300_7","QID369_1","QID61","QID60","QID651_TEXT","QID252_5_TEXT","QID128_1","QID128_3","QID128_2","QID510_8","QID510_7","QID510_9","QID369_10","QID369_11","QID369_12","QID369_13","QID369_14","QID369_15","QID369_16","QID11","QID369_17","QID10","QID369_18","QID2_5","QID2_6","QID2_7","QID2_8","QID29","QID2_1","QID2_2","QID27","QID2_3","QID26","QID2_4","QID658_TEXT","QID510_2","QID510_1","QID510_4","QID103_TEXT","QID510_3","QID510_6","QID510_5","QID337_6","QID337_7","QID337_4","QID337_5","QID25","QID24","QID255_13","QID255_12","QID255_11","QID255_10","QID13_12","QID13_13","QID13_10","QID13_11","QID387_4","QID387_5","QID387_6","QID387_7","QID387_8","QID128_12","QID128_11","QID255_9","QID128_14","QID128_13","QID128_10","QID147_9","QID96_TEXT","QID101_TEXT","QID147_8","QID268_7","QID86_TEXT","QID111_TEXT","QID98_TEXT","QID342_8","QID342_9","QID342_6","QID342_7","QID342_4","QID342_5","QID108_TEXT","QID116_6_TEXT","QID568_TEXT","QID35_6","QID499_9","QID223_9","QID35_7","QID499_8","QID223_8","QID35_8","QID499_7","QID246_7","QID332_7","QID35_9","QID442_37","QID246_8","QID442_36","QID246_9","QID332_5","QID442_39","QID332_6","QID442_38","QID332_4","QID78","QID91_TEXT","QID76","QID253_6_TEXT","QID35_15","QID46_4","QID35_14","QID35_13","QID442_9","QID46_6","QID35_12","QID46_5","QID35_11","QID35_10","QID46_7","QID592_10","QID82","QID80","QID268_4","QID586_8","QID586_9","QID268_6","QID13_9","QID268_5","QID13_8","QID499_6","QID13_7","QID499_5","QID13_6","QID499_4","QID13_5","QID88","QID13_4","QID85","QID442_51","QID442_50","QID654_TEXT","QID442_53","QID442_52","QID586_4","QID586_5","QID586_6","QID586_7","QID442_55","QID442_54","QID93","QID90","QID212_7","QID442_5","QID212_6","QID442_6","QID212_5","QID442_7","QID212_4","QID442_8","QID97","QID442_4","QID95","QID442_40","QID442_42","QID442_41","QID106_TEXT","QID212_9","QID212_8","QID442_48","QID499_11","QID442_47","QID499_10","QID442_49","QID81_TEXT","QID442_44","QID442_43","QID442_46","QID442_45","QID223_7","QID223_6","QID223_5","QID223_4","QID142_6","QID142_7","QID142_4","QID142_5","QID588_TEXT","QID142_8","QID223_20","QID142_9","QID223_21","QID223_22","QID223_23","QID293_10","QID293_11","QID223_19","QID350_11","QID624","QID350_10","QID350_13","QID350_12","QID620","QID212_10","QID109_TEXT","QID212_12","QID212_11","QID212_13","QID223_10","QID223_11","QID223_12","QID223_13","QID223_14","QID223_15","QID350_15","QID223_16","QID350_14","QID223_17","QID350_17","QID223_18","QID350_16","QID262_2","QID262_1","QID262_3","QID350_9","QID497_8_TEXT","QID350_8","QID442_11","QID350_7","QID442_10","QID350_6","QID442_13","QID608","QID442_12","QID609","QID600","QID601","QID592_2","QID592_1","QID592_4","QID592_3","QID510_13","QID510_12","QID510_11","QID510_10","QID592_9","QID592_6","QID617","QID592_5","QID618","QID656_TEXT","QID592_8","QID619","QID592_7","QID615","QID142_14","QID142_13","QID142_12","QID142_11","QID142_10","QID250_5_TEXT","QID652_TEXT","QID611_11","QID611_12","QID142_15","QID94_TEXT","QID614_TEXT","QID387_9","QID363_8","QID363_7","QID363_6","QID363_5","QID363_4","QID536","QID537","QID538","QID532","QID533","QID534","QID535","QID473_9","QID650","QID473_7","QID473_8","QID531","QID473_5","QID473_6","QID473_4","QID387_13","QID387_12","QID657_TEXT","QID387_11","QID387_10","QID387_17","QID387_16","QID387_15","QID387_14","QID113_TEXT","QID293_9","QID293_7","QID293_8","QID79_TEXT","QID104","QID100","QID102","QID293_6","QID118","QID119","QID114","QID238_11","QID598","QID115","QID238_12","QID599","QID116","QID238_13","QID117","QID238_14","QID238_15","QID594","QID238_16","QID595","QID473_10","QID593","QID300_10","QID327","QID328","QID329","QID323","QID565","QID324","QID326","QID342_10","QID322","QID570_7_TEXT","QID300_13","QID300_12","QID300_11","QID147_13","QID387_24","QID147_12","QID387_23","QID387_22","QID387_21","QID387_26","QID387_25","QID653_TEXT","QID387_20","QID89_TEXT","QID147_11","QID147_10","QID576","QID330","QID572","QID331","QID573","QID387_19","QID574","QID387_18","QID575","QID570","QID571","QID105_TEXT","QID265","QID266","QID267","QID261","QID586_10","QID107_TEXT","QID586_11","QID273_7","QID273_8","QID273_6","QID126","QID655_TEXT","QID273_14","QID273_9","QID110_TEXT","QID122","QID124","QID125_TEXT","QID612_5","QID120","QID612_4","QID273_12","QID273_13","QID273_10","QID284_7","QID284_8","QID284_5","QID284_6","QID284_9","QID253","QID284_11","QID254","QID284_10","QID497","QID498","QID250","QID284_4","QID251","QID252"],"displayedValues":{"QID311_5":[1,2,3,4,5],"QID311_4":[1,2,3,4,5],"QID311_7":[1,2,3,4,5],"QID311_6":[1,2,3,4,5],"QID311_1":[1,2,3,4,5],"QID311_3":[1,2,3,4,5],"QID311_2":[1,2,3,4,5],"QID369_9":[1,2,3,4,5],"QID300_8":[1,2,3,4,5],"QID369_8":[1,2,3,4,5],"QID300_9":[1,2,3,4,5],"QID369_7":[1,2,3,4,5],"QID369_6":[1,2,3,4,5],"QID369_5":[1,2,3,4,5],"QID34":[1,2,3,4,5],"QID33":[1,2,3,4,5,6],"QID32":[1,2,3,4,5],"QID31":[1,0],"QID30":[1,0],"QID311_8":[1,2,3,4,5],"QID128_5":[1,2,3,4,5],"QID128_4":[1,2,3,4,5],"QID128_7":[1,2,3,4,5],"QID128_6":[1,2,3,4,5],"QID128_9":[1,2,3,4,5],"QID128_8":[1,2,3,4,5],"QID59":[1,0],"QID57":[1,0,9],"QID56":[1,0,9],"QID54":[1,0,9],"QID53":[1,2,3,9],"QID52":[1,2,3,9],"QID300_4":[1,2,3,4,5],"QID369_4":[1,2,3,4,5],"QID300_5":[1,2,3,4,5],"QID369_3":[1,2,3,4,5],"QID300_6":[1,2,3,4,5],"QID369_2":[1,2,3,4,5],"QID300_7":[1,2,3,4,5],"QID369_1":[1,2,3,4,5],"QID61":[1,0],"QID60":[1,0],"QID128_1":[1,2,3,4,5],"QID128_3":[1,2,3,4,5],"QID128_2":[1,2,3,4,5],"QID510_8":[1,2,3,4,5,6,7],"QID510_7":[1,2,3,4,5,6,7],"QID510_9":[1,2,3,4,5,6,7],"QID369_10":[1,2,3,4,5],"QID369_11":[1,2,3,4,5],"QID369_12":[1,2,3,4,5],"QID369_13":[1,2,3,4,5],"QID369_14":[1,2,3,4,5],"QID369_15":[1,2,3,4,5],"QID369_16":[1,2,3,4,5],"QID11":[1,2,3,4,5],"QID369_17":[1,2,3,4,5],"QID10":[1,2,3,4,5],"QID369_18":[1,2,3,4,5],"QID2_5":[1,0,9],"QID2_6":[1,0,9],"QID2_7":[1,0,9],"QID2_8":[1,0,9],"QID29":[1,0],"QID2_1":[1,0,9],"QID2_2":[1,0,9],"QID27":[1,0],"QID2_3":[1,0,9],"QID26":[1,0],"QID2_4":[1,0,9],"QID510_2":[1,2,3,4,5,6,7],"QID510_1":[1,2,3,4,5,6,7],"QID510_4":[1,2,3,4,5,6,7],"QID510_3":[1,2,3,4,5,6,7],"QID510_6":[1,2,3,4,5,6,7],"QID510_5":[1,2,3,4,5,6,7],"QID337_6":[1,2,3,4,5],"QID337_7":[1,2,3,4,5],"QID337_4":[1,2,3,4,5],"QID337_5":[1,2,3,4,5],"QID25":[1,0],"QID24":[1,0],"QID255_13":[1,2,3,4],"QID255_12":[1,2,3,4],"QID255_11":[1,2,3,4],"QID255_10":[1,2,3,4],"QID13_12":[1,2,3],"QID13_13":[1,2,3],"QID13_10":[1,2,3],"QID13_11":[1,2,3],"QID387_4":[1,2,3,4,5],"QID387_5":[1,2,3,4,5],"QID387_6":[1,2,3,4,5],"QID387_7":[1,2,3,4,5],"QID387_8":[1,2,3,4,5],"QID128_12":[1,2,3,4,5],"QID128_11":[1,2,3,4,5],"QID255_9":[1,2,3,4],"QID128_14":[1,2,3,4,5],"QID128_13":[1,2,3,4,5],"QID128_10":[1,2,3,4,5],"QID147_9":[1,2,3,4,5],"QID147_8":[1,2,3,4,5],"QID268_7":[1,2,3,4,6],"QID342_8":[1,2,3,4,5],"QID342_9":[1,2,3,4,5],"QID342_6":[1,2,3,4,5],"QID342_7":[1,2,3,4,5],"QID342_4":[1,2,3,4,5],"QID342_5":[1,2,3,4,5],"QID35_6":[1,2,3,4,5,6],"QID499_9":[1,2,3,4,5],"QID223_9":[1,2,3,4,5],"QID35_7":[1,2,3,4,5,6],"QID499_8":[1,2,3,4,5],"QID223_8":[1,2,3,4,5],"QID35_8":[1,2,3,4,5,6],"QID499_7":[1,2,3,4,5],"QID246_7":[1,2,3,4,5],"QID332_7":[1,2,3,4,5,6,7],"QID35_9":[1,2,3,4,5,6],"QID442_37":[1,2,3,4,5,6],"QID246_8":[1,2,3,4,5],"QID442_36":[1,2,3,4,5,6],"QID246_9":[1,2,3,4,5],"QID332_5":[1,2,3,4,5,6,7],"QID442_39":[1,2,3,4,5,6],"QID332_6":[1,2,3,4,5,6,7],"QID442_38":[1,2,3,4,5,6],"QID332_4":[1,2,3,4,5,6,7],"QID78":[0,1,2,3,4,5,6,7],"QID76":[1,0],"QID35_15":[1,2,3,4,5,6],"QID46_4":[1,2,3,4,5],"QID35_14":[1,2,3,4,5,6],"QID35_13":[1,2,3,4,5,6],"QID442_9":[1,2,3,4,5,6],"QID46_6":[1,2,3,4,5],"QID35_12":[1,2,3,4,5,6],"QID46_5":[1,2,3,4,5],"QID35_11":[1,2,3,4,5,6],"QID35_10":[1,2,3,4,5,6],"QID46_7":[1,2,3,4,5],"QID592_10":[1,2,3,4,5,6,7,8,9,1E+1],"QID82":[0,1,2,3,4,5,6,7],"QID80":[0,1,2,3,4,5,6,7],"QID268_4":[1,2,3,4,6],"QID586_8":[1,2,3,4,5,6,7],"QID586_9":[1,2,3,4,5,6,7],"QID268_6":[1,2,3,4,6],"QID13_9":[1,2,3],"QID268_5":[1,2,3,4,6],"QID13_8":[1,2,3],"QID499_6":[1,2,3,4,5],"QID13_7":[1,2,3],"QID499_5":[1,2,3,4,5],"QID13_6":[1,2,3],"QID499_4":[1,2,3,4,5],"QID13_5":[1,2,3],"QID88":[0,1,2,3,4,5,6,7],"QID13_4":[1,2,3],"QID85":[0,1,2,3,4,5,6,7],"QID442_51":[1,2,3,4,5,6],"QID442_50":[1,2,3,4,5,6],"QID442_53":[1,2,3,4,5,6],"QID442_52":[1,2,3,4,5,6],"QID586_4":[1,2,3,4,5,6,7],"QID586_5":[1,2,3,4,5,6,7],"QID586_6":[1,2,3,4,5,6,7],"QID586_7":[1,2,3,4,5,6,7],"QID442_55":[1,2,3,4,5,6],"QID442_54":[1,2,3,4,5,6],"QID93":[0,1,2,3,4,5,6,7],"QID90":[0,1,2,3,4,5,6,7],"QID212_7":[1,2,3,4,5],"QID442_5":[1,2,3,4,5,6],"QID212_6":[1,2,3,4,5],"QID442_6":[1,2,3,4,5,6],"QID212_5":[1,2,3,4,5],"QID442_7":[1,2,3,4,5,6],"QID212_4":[1,2,3,4,5],"QID442_8":[1,2,3,4,5,6],"QID97":[0,1,2,3,4,5,6,7],"QID442_4":[1,2,3,4,5,6],"QID95":[0,1,2,3,4,5,6,7],"QID442_40":[1,2,3,4,5,6],"QID442_42":[1,2,3,4,5,6],"QID442_41":[1,2,3,4,5,6],"QID212_9":[1,2,3,4,5],"QID212_8":[1,2,3,4,5],"QID442_48":[1,2,3,4,5,6],"QID499_11":[1,2,3,4,5],"QID442_47":[1,2,3,4,5,6],"QID499_10":[1,2,3,4,5],"QID442_49":[1,2,3,4,5,6],"QID442_44":[1,2,3,4,5,6],"QID442_43":[1,2,3,4,5,6],"QID442_46":[1,2,3,4,5,6],"QID442_45":[1,2,3,4,5,6],"QID223_7":[1,2,3,4,5],"QID223_6":[1,2,3,4,5],"QID223_5":[1,2,3,4,5],"QID223_4":[1,2,3,4,5],"QID142_6":[1,2,3,4,5],"QID142_7":[1,2,3,4,5],"QID142_4":[1,2,3,4,5],"QID142_5":[1,2,3,4,5],"QID142_8":[1,2,3,4,5],"QID223_20":[1,2,3,4,5],"QID142_9":[1,2,3,4,5],"QID223_21":[1,2,3,4,5],"QID223_22":[1,2,3,4,5],"QID223_23":[1,2,3,4,5],"QID293_10":[1,2,3,4,5,6,7],"QID293_11":[1,2,3,4,5,6,7],"QID223_19":[1,2,3,4,5],"QID350_11":[1,2,3,4],"QID624":[1,2,3,4,5,6,9],"QID350_10":[1,2,3,4],"QID350_13":[1,2,3,4],"QID350_12":[1,2,3,4],"QID620":[2,1,9],"QID212_10":[1,2,3,4,5],"QID212_12":[1,2,3,4,5],"QID212_11":[1,2,3,4,5],"QID212_13":[1,2,3,4,5],"QID223_10":[1,2,3,4,5],"QID223_11":[1,2,3,4,5],"QID223_12":[1,2,3,4,5],"QID223_13":[1,2,3,4,5],"QID223_14":[1,2,3,4,5],"QID223_15":[1,2,3,4,5],"QID350_15":[1,2,3,4],"QID223_16":[1,2,3,4,5],"QID350_14":[1,2,3,4],"QID223_17":[1,2,3,4,5],"QID350_17":[1,2,3,4],"QID223_18":[1,2,3,4,5],"QID350_16":[1,2,3,4],"QID262_2":[1,2,3,4,5],"QID262_1":[1,2,3,4,5],"QID262_3":[1,2,3,4,5],"QID350_9":[1,2,3,4],"QID350_8":[1,2,3,4],"QID442_11":[1,2,3,4,5,6],"QID350_7":[1,2,3,4],"QID442_10":[1,2,3,4,5,6],"QID350_6":[1,2,3,4],"QID442_13":[1,2,3,4,5,6],"QID608":[1,2,3,4,5],"QID442_12":[1,2,3,4,5,6],"QID609":[1,2,3,4,5],"QID600":[1,2,3,4],"QID601":[1,2,3,4],"QID592_2":[1,2,3,4,5,6,7,8,9,1E+1],"QID592_1":[1,2,3,4,5,6,7,8,9,1E+1],"QID592_4":[1,2,3,4,5,6,7,8,9,1E+1],"QID592_3":[1,2,3,4,5,6,7,8,9,1E+1],"QID510_13":[1,2,3,4,5,6,7],"QID510_12":[1,2,3,4,5,6,7],"QID510_11":[1,2,3,4,5,6,7],"QID510_10":[1,2,3,4,5,6,7],"QID592_9":[1,2,3,4,5,6,7,8,9,1E+1],"QID592_6":[1,2,3,4,5,6,7,8,9,1E+1],"QID617":[1,2,3,9],"QID592_5":[1,2,3,4,5,6,7,8,9,1E+1],"QID618":[1,2,3,4,5,6,7,9],"QID592_8":[1,2,3,4,5,6,7,8,9,1E+1],"QID619":[1,0,9],"QID592_7":[1,2,3,4,5,6,7,8,9,1E+1],"QID615":["1","2","3","4","5","6","7","8"],"QID142_14":[1,2,3,4,5],"QID142_13":[1,2,3,4,5],"QID142_12":[1,2,3,4,5],"QID142_11":[1,2,3,4,5],"QID142_10":[1,2,3,4,5],"QID611_11":[1,2,3,4],"QID611_12":[1,2,3,4],"QID142_15":[1,2,3,4,5],"QID387_9":[1,2,3,4,5],"QID363_8":[1,2,3],"QID363_7":[1,2,3],"QID363_6":[1,2,3],"QID363_5":[1,2,3],"QID363_4":[1,2,3],"QID536":[1,0],"QID537":[1,0],"QID538":[1,2,3,4],"QID532":[1,2,3,4,5],"QID533":[1,0],"QID534":[1,0],"QID535":[1,0],"QID473_9":[1,2,3,4,5],"QID650":[1,2,3,4,5],"QID473_7":[1,2,3,4,5],"QID473_8":[1,2,3,4,5],"QID531":[1,0],"QID473_5":[1,2,3,4,5],"QID473_6":[1,2,3,4,5],"QID473_4":[1,2,3,4,5],"QID387_13":[1,2,3,4,5],"QID387_12":[1,2,3,4,5],"QID387_11":[1,2,3,4,5],"QID387_10":[1,2,3,4,5],"QID387_17":[1,2,3,4,5],"QID387_16":[1,2,3,4,5],"QID387_15":[1,2,3,4,5],"QID387_14":[1,2,3,4,5],"QID293_9":[1,2,3,4,5,6,7],"QID293_7":[1,2,3,4,5,6,7],"QID293_8":[1,2,3,4,5,6,7],"QID104":[0,1,2,3,4,5,6,7],"QID100":[0,1,2,3,4,5,6,7],"QID102":[0,1,2,3,4,5,6,7],"QID293_6":[1,2,3,4,5,6,7],"QID118":[1,2,3,4,5,6,7,8],"QID119":[1,2,3,4,5,6,7],"QID114":[1,2,3,4,5,6],"QID238_11":[1,2,3,4,5],"QID598":[1,2,3,4],"QID115":[1,0],"QID238_12":[1,2,3,4,5],"QID599":[1,2,3,4],"QID116":[1,2,3,4,5,6,7],"QID238_13":[1,2,3,4,5],"QID117":[1,2,3,4,5,6,7,8],"QID238_14":[1,2,3,4,5],"QID238_15":[1,2,3,4,5],"QID594":[1,2,3,4],"QID238_16":[1,2,3,4,5],"QID595":[1,2,3,4],"QID473_10":[1,2,3,4,5],"QID593":[1,2,3,4],"QID300_10":[1,2,3,4,5],"QID327":[0,1,2,3,4,5],"QID328":[0,1,2,3,4,5],"QID329":[1,0],"QID323":[0,1,2,3,4,5],"QID565":[1,0],"QID324":[0,1,2,3,4,5],"QID326":[0,1,2,3,4,5],"QID342_10":[1,2,3,4,5],"QID322":[0,1,2,3,4,5],"QID300_13":[1,2,3,4,5],"QID300_12":[1,2,3,4,5],"QID300_11":[1,2,3,4,5],"QID147_13":[1,2,3,4,5],"QID387_24":[1,2,3,4,5],"QID147_12":[1,2,3,4,5],"QID387_23":[1,2,3,4,5],"QID387_22":[1,2,3,4,5],"QID387_21":[1,2,3,4,5],"QID387_26":[1,2,3,4,5],"QID387_25":[1,2,3,4,5],"QID387_20":[1,2,3,4,5],"QID147_11":[1,2,3,4,5],"QID147_10":[1,2,3,4,5],"QID576":[1,2,3,4,5,6],"QID330":[1,0],"QID572":[1,2,3],"QID331":[1,0],"QID573":[1,2,3,4,5],"QID387_19":[1,2,3,4,5],"QID574":[1,2,3,4,5,6],"QID387_18":[1,2,3,4,5],"QID575":[1,2,3,4,5,6],"QID570":[1,2,3,4,5,6,7],"QID571":[1,2,3],"QID265":[1,2,3,4,5],"QID266":[1,2,3,4,5],"QID267":[1,2,3],"QID261":[1,2,3,4],"QID586_10":[1,2,3,4,5,6,7],"QID586_11":[1,2,3,4,5,6,7],"QID273_7":[1,2,3,4,5],"QID273_8":[1,2,3,4,5],"QID273_6":[1,2,3,4,5],"QID126":[1,2,3,9],"QID273_14":[1,2,3,4,5],"QID273_9":[1,2,3,4,5],"QID122":[0,1,2,3,4,5,6,7,8,9,1E+1,11],"QID124":[1,2,3,4,5,6,7,8,9,1E+1,11,12],"QID612_5":[1,2,3,4],"QID120":[1,2,3,4,5,6,7,8,9,1E+1,11],"QID612_4":[1,2,3,4],"QID273_12":[1,2,3,4,5],"QID273_13":[1,2,3,4,5],"QID273_10":[1,2,3,4,5],"QID284_7":[1,2,3,4,5,6,7],"QID284_8":[1,2,3,4,5,6,7],"QID284_5":[1,2,3,4,5,6,7],"QID284_6":[1,2,3,4,5,6,7],"QID284_9":[1,2,3,4,5,6,7],"QID253":[1,2,3,4,5,6],"QID284_11":[1,2,3,4,5,6,7],"QID254":[1,2,3,4],"QID284_10":[1,2,3,4,5,6,7],"QID497":[1,2,3,4,5,6,7,8],"QID498":[1,2,3,4,5],"QID250":[1,2,3,4,5],"QID284_4":[1,2,3,4,5,6,7],"QID251":[1,2,3],"QID252":[1,2,3,4,5]}}]}