{"responses":[{"responseId":"R_3PUbTHpkHp8qA0W","values":{"startDate":"2020-03-18T18:20:52Z","endDate":"2020-03-18T18:32:14Z","status":0,"progress":100,"duration":682,"finished":1,"recordedDate":"2020-03-18T18:32:14.865Z","_recordId":"R_3PUbTHpkHp8qA0W","distributionChannel":"anonymous","userLanguage":"EN","QID60_TEXT":25,"QID56":["1","2","8"],"QID189":9,"QID190":2,"QID191":0,"QID192":1,"QID197":6,"QID99":2,"QID122":0,"QID37_TEXT":500,"QID38_TEXT":200,"QID176":2,"QID177_TEXT":"Hillary","QID178_TEXT":"Brown","QID179_TEXT":"vinaluong@yahoo.com","QID180_TEXT":"5852336699","QID181_TEXT":"123 Street","QID182_TEXT":"City","QID183_TEXT":"TX","QID184_TEXT":"12345","QID209":5,"QID210":10,"QID211_TEXT":150,"QID229":0,"QID228":0,"QID230":1,"pa":700,"IDNUM":"16012601","ClusterID":"0126","ht_inches":70,"bmi":21.52040816326530612245},"labels":{"status":"IP Address","finished":"True","QID56":["Facebook","Twitter","Word of mouth"],"QID189":"Prefer not to answer","QID190":"Asian","QID191":"No","QID192":"Texas","QID197":"Trinity","QID99":"I quit in the last 12 months","QID122":"No","QID176":"Ms.","QID209":"5 feet","QID210":"10 inches","QID229":"No","QID228":"No","QID230":"Yes"},"displayedFields":["QID190","QID191","QID192","QID38_TEXT","QID182_TEXT","QID60_TEXT","QID177_TEXT","QID228","QID229","QID209","QID180_TEXT","QID183_TEXT","QID37_TEXT","QID122","QID189","QID178_TEXT","QID56","QID99","QID211_TEXT","QID184_TEXT","QID179_TEXT","QID176","QID210","QID197","QID230","QID181_TEXT"],"displayedValues":{"QID190":[1,2,3,4,5,6,7,9],"QID191":[1,0,9],"QID192":[2,1,3],"QID228":[1,0],"QID229":[1,0],"QID209":[4,5,6],"QID122":[1,0],"QID189":[1,2,3,9],"QID56":["1","2","3","4","5","6","7","8"],"QID99":[1,2,3,4],"QID176":[1,2,3,4,5],"QID210":[0,1,2,3,4,5,6,7,8,9,1E+1,11],"QID197":[1,2,3,4,5,6,0],"QID230":[1,0]}},{"responseId":"R_1f9PWaCcXHMZ5ug","values":{"startDate":"2020-03-18T18:36:55Z","endDate":"2020-03-18T18:41:59Z","status":0,"progress":100,"duration":304,"finished":1,"recordedDate":"2020-03-18T18:41:59.929Z","_recordId":"R_1f9PWaCcXHMZ5ug","distributionChannel":"anonymous","userLanguage":"EN","QID60_TEXT":20,"QID56":["4","6"],"QID189":2,"QID190":7,"QID191":1,"QID192":2,"QID193":3,"QID196":3,"QID99":1,"QID176":1,"QID177_TEXT":"Shervil","QID178_TEXT":"Eman","QID179_TEXT":"vinaluong@gmail.com","QID180_TEXT":"5856776167","QID181_TEXT":"1 Lane","QID182_TEXT":"Big City","QID183_TEXT":"NY","QID184_TEXT":"14568","pa":0,"IDNUM":"23012701","ClusterID":"0127"},"labels":{"status":"IP Address","finished":"True","QID56":["Postcard","Newspaper"],"QID189":"Female","QID190":"Other","QID191":"Yes","QID192":"New York","QID193":"Oneida County","QID196":"Township of Camden or Village of Camden","QID99":"I currently smoke","QID176":"Mr."},"displayedFields":["QID190","QID191","QID192","QID193","QID184_TEXT","QID182_TEXT","QID60_TEXT","QID177_TEXT","QID180_TEXT","QID179_TEXT","QID183_TEXT","QID176","QID189","QID178_TEXT","QID56","QID99","QID196","QID181_TEXT"],"displayedValues":{"QID190":[1,2,3,4,5,6,7,9],"QID191":[1,0,9],"QID192":[2,1,3],"QID193":[1,2,3,9],"QID176":[1,2,3,4,5],"QID189":[1,2,3,9],"QID56":["1","2","3","4","5","6","7","8"],"QID99":[1,2,3,4],"QID196":[3,4,0]}},{"responseId":"R_1OoCgdT8RkNtxJH","values":{"startDate":"2020-03-18T16:18:06Z","endDate":"2020-03-18T19:05:41Z","status":0,"progress":100,"duration":10055,"finished":1,"recordedDate":"2020-03-18T19:05:42.271Z","_recordId":"R_1OoCgdT8RkNtxJH","distributionChannel":"anonymous","userLanguage":"EN","QID60_TEXT":65,"QID56":["4"],"QID189":3,"QID190":5,"QID191":0,"QID192":1,"QID197":4,"QID99":3,"QID122":1,"QID176":2,"QID177_TEXT":"Monique","QID178_TEXT":"Lester","QID179_TEXT":"asc@hotmail.com","QID180_TEXT":"2149572399","QID181_TEXT":"15 circle Ct","QID182_TEXT":"Dallas","QID183_TEXT":"TX","QID184_TEXT":"75218","pa":0,"IDNUM":"14012801","ClusterID":"0128"},"labels":{"status":"IP Address","finished":"True","QID56":["Postcard"],"QID189":"Not one of the above","QID190":"White","QID191":"No","QID192":"Texas","QID197":"Littlefield and surrounding towns","QID99":"I quit more than 12 months ago","QID122":"Yes","QID176":"Ms."},"displayedFields":["QID190","QID191","QID192","QID184_TEXT","QID182_TEXT","QID60_TEXT","QID177_TEXT","QID180_TEXT","QID179_TEXT","QID183_TEXT","QID176","QID122","QID189","QID178_TEXT","QID56","QID99","QID197","QID181_TEXT"],"displayedValues":{"QID190":[1,2,3,4,5,6,7,9],"QID191":[1,0,9],"QID192":[2,1,3],"QID176":[1,2,3,4,5],"QID122":[1,0],"QID189":[1,2,3,9],"QID56":["1","2","3","4","5","6","7","8"],"QID99":[1,2,3,4],"QID197":[1,2,3,4,5,6,0]}},{"responseId":"R_z8wXR5tbCNRVS0N","values":{"startDate":"2020-03-18T19:23:29Z","endDate":"2020-03-18T19:27:44Z","status":0,"progress":100,"duration":254,"finished":1,"recordedDate":"2020-03-18T19:27:44.959Z","_recordId":"R_z8wXR5tbCNRVS0N","distributionChannel":"anonymous","userLanguage":"EN","QID60_TEXT":37,"QID56":["3"],"QID189":2,"QID190":6,"QID191":1,"QID192":1,"QID197":5,"QID99":4,"QID122":1,"QID176":4,"QID177_TEXT":"Chris","QID178_TEXT":"Ruiz","QID179_TEXT":"23email@gmail.com","QID180_TEXT":"2145689730","QID181_TEXT":"523 Whispering Cove","QID182_TEXT":"Garland","QID183_TEXT":"TX","QID184_TEXT":"75044","pa":0,"IDNUM":"15013001","ClusterID":"0130"},"labels":{"status":"IP Address","finished":"True","QID56":["LinkedIn"],"QID189":"Female","QID190":"More than One Race","QID191":"Yes","QID192":"Texas","QID197":"Groveton","QID99":"I've never been a smoker","QID122":"Yes","QID176":"Mx."},"displayedFields":["QID190","QID191","QID192","QID184_TEXT","QID182_TEXT","QID60_TEXT","QID177_TEXT","QID180_TEXT","QID179_TEXT","QID183_TEXT","QID176","QID122","QID189","QID178_TEXT","QID56","QID99","QID197","QID181_TEXT"],"displayedValues":{"QID190":[1,2,3,4,5,6,7,9],"QID191":[1,0,9],"QID192":[2,1,3],"QID176":[1,2,3,4,5],"QID122":[1,0],"QID189":[1,2,3,9],"QID56":["1","2","3","4","5","6","7","8"],"QID99":[1,2,3,4],"QID197":[1,2,3,4,5,6,0]}},{"responseId":"R_DTRSzVtU9Z29MKl","values":{"startDate":"2020-03-20T04:30:39Z","endDate":"2020-03-21T01:46:00Z","status":0,"progress":100,"duration":76520,"finished":1,"recordedDate":"2020-03-21T01:46:00.709Z","_recordId":"R_DTRSzVtU9Z29MKl","distributionChannel":"anonymous","userLanguage":"EN","QID60_TEXT":18,"QID56":["7"],"QID189":1,"QID190":5,"QID191":0,"QID192":2,"QID193":2,"QID195":2,"QID99":2,"QID122":0,"QID37_TEXT":60,"QID38_TEXT":60,"QID176":1,"QID177_TEXT":"Sandy","QID178_TEXT":"Knight","QID179_TEXT":"Sknight@yahoo.com","QID180_TEXT":"5852339967","QID181_TEXT":"1 Knight St","QID182_TEXT":"Garland","QID183_TEXT":"TX","QID184_TEXT":"75044","QID209":5,"QID210":3,"QID211_TEXT":165,"QID229":0,"QID228":0,"QID230":0,"QID232":1,"pa":120,"IDNUM":"22013101","ClusterID":"0131","ht_inches":63,"bmi":29.22524565381708238851},"labels":{"status":"IP Address","finished":"True","QID56":["Radio"],"QID189":"Male","QID190":"White","QID191":"No","QID192":"New York","QID193":"Lewis County","QID195":"Village of Carthage, Carthage Central School District and Augustine Academy (zip code 13619), or one of the following hamlets/villages:\n\n Carthage (zip code 13619)\n West Carthage (zip code 13619)\n Black River (zip code 13612)\n Great Bend (zip code 13619 or 13643)\n Felts Mills (zip code 13638)\n Deferiet (zip code 13628)\n Deer River (zip code 13367 or 13627)\n Herrings (zip code 13619)\n Natural Bridge (zip code 13665)\n","QID99":"I quit in the last 12 months","QID122":"No","QID176":"Mr.","QID209":"5 feet","QID210":"3 inches","QID229":"No","QID228":"No","QID230":"No","QID232":"High (≥140 mmHg systolic/≥ 90 mmHg diastolic)"},"displayedFields":["QID190","QID191","QID192","QID193","QID38_TEXT","QID182_TEXT","QID60_TEXT","QID177_TEXT","QID228","QID229","QID209","QID180_TEXT","QID183_TEXT","QID37_TEXT","QID122","QID189","QID178_TEXT","QID56","QID99","QID211_TEXT","QID184_TEXT","QID179_TEXT","QID176","QID232","QID210","QID195","QID230","QID181_TEXT"],"displayedValues":{"QID190":[1,2,3,4,5,6,7,9],"QID191":[1,0,9],"QID192":[2,1,3],"QID193":[1,2,3,9],"QID228":[1,0],"QID229":[1,0],"QID209":[4,5,6],"QID122":[1,0],"QID189":[1,2,3,9],"QID56":["1","2","3","4","5","6","7","8"],"QID99":[1,2,3,4],"QID176":[1,2,3,4,5],"QID232":[1,2,3,9],"QID210":[0,1,2,3,4,5,6,7,8,9,1E+1,11],"QID195":[1,2,0],"QID230":[1,0]}},{"responseId":"R_2B4fhQJmBMbv2lW","values":{"startDate":"2020-03-27T15:06:52Z","endDate":"2020-03-27T15:08:11Z","status":0,"progress":100,"duration":79,"finished":1,"recordedDate":"2020-03-27T15:08:12.261Z","_recordId":"R_2B4fhQJmBMbv2lW","distributionChannel":"anonymous","userLanguage":"EN","QID60_TEXT":18,"QID56":["1"],"QID189":2,"QID190":3,"QID191":1,"QID192":1,"QID197":2,"QID99":1,"QID176":3,"QID177_TEXT":"Leah","QID178_TEXT":"Connor","QID179_TEXT":"lmc267@cornell.edu","QID180_TEXT":"315-440-0552","QID181_TEXT":"109","QID182_TEXT":"Ithaca","QID183_TEXT":"NY","QID184_TEXT":"14850","pa":0,"IDNUM":"12010801","ClusterID":"0108"},"labels":{"status":"IP Address","finished":"True","QID56":["Facebook"],"QID189":"Female","QID190":"Native Hawaiian or Other Pacific Islander","QID191":"Yes","QID192":"Texas","QID197":"Meridian","QID99":"I currently smoke","QID176":"Mrs."},"displayedFields":["QID190","QID191","QID192","QID184_TEXT","QID182_TEXT","QID60_TEXT","QID177_TEXT","QID180_TEXT","QID179_TEXT","QID183_TEXT","QID176","QID189","QID178_TEXT","QID56","QID99","QID197","QID181_TEXT"],"displayedValues":{"QID190":[1,2,3,4,5,6,7,9],"QID191":[1,0,9],"QID192":[2,1,3],"QID176":[1,2,3,4,5],"QID189":[1,2,3,9],"QID56":["1","2","3","4","5","6","7","8"],"QID99":[1,2,3,4],"QID197":[1,2,3,4,5,6,0]}},{"responseId":"R_2tAu8qRBqH5VpEZ","values":{"startDate":"2020-04-17T13:46:50Z","endDate":"2020-04-17T13:48:32Z","status":0,"progress":100,"duration":101,"finished":1,"recordedDate":"2020-04-17T13:48:33.053Z","_recordId":"R_2tAu8qRBqH5VpEZ","distributionChannel":"anonymous","userLanguage":"EN","QID60_TEXT":17},"labels":{"status":"IP Address","finished":"True"},"displayedFields":["QID60_TEXT"],"displayedValues":{}},{"responseId":"R_1ieZlnArxLvKzyU","values":{"startDate":"2020-04-17T13:48:36Z","endDate":"2020-04-17T13:50:35Z","status":0,"progress":100,"duration":118,"finished":1,"recordedDate":"2020-04-17T13:50:35.678Z","_recordId":"R_1ieZlnArxLvKzyU","distributionChannel":"anonymous","userLanguage":"EN","QID60_TEXT":36,"QID56":["1","6"],"QID189":2,"QID190":5,"QID191":0,"QID192":2,"QID193":1,"QID195":2,"QID99":1,"QID176":3,"QID177_TEXT":"Amy","QID178_TEXT":"Hally","QID179_TEXT":"lmc267@cornell.edu","QID180_TEXT":"315-440-0552","QID181_TEXT":"109","QID182_TEXT":"Ithaca","QID183_TEXT":"NY","QID184_TEXT":"14850","pa":0,"IDNUM":"22010801","ClusterID":"0108"},"labels":{"status":"IP Address","finished":"True","QID56":["Facebook","Newspaper"],"QID189":"Female","QID190":"White","QID191":"No","QID192":"New York","QID193":"Jefferson County","QID195":"Village of Carthage, Carthage Central School District and Augustine Academy (zip code 13619), or one of the following hamlets/villages:\n\n Carthage (zip code 13619)\n West Carthage (zip code 13619)\n Black River (zip code 13612)\n Great Bend (zip code 13619 or 13643)\n Felts Mills (zip code 13638)\n Deferiet (zip code 13628)\n Deer River (zip code 13367 or 13627)\n Herrings (zip code 13619)\n Natural Bridge (zip code 13665)\n","QID99":"I currently smoke","QID176":"Mrs."},"displayedFields":["QID190","QID191","QID192","QID193","QID184_TEXT","QID182_TEXT","QID60_TEXT","QID177_TEXT","QID180_TEXT","QID179_TEXT","QID183_TEXT","QID176","QID189","QID178_TEXT","QID56","QID99","QID195","QID181_TEXT"],"displayedValues":{"QID190":[1,2,3,4,5,6,7,9],"QID191":[1,0,9],"QID192":[2,1,3],"QID193":[1,2,3,9],"QID176":[1,2,3,4,5],"QID189":[1,2,3,9],"QID56":["1","2","3","4","5","6","7","8"],"QID99":[1,2,3,4],"QID195":[1,2,0]}},{"responseId":"R_1kXLIAu8jwf2prR","values":{"startDate":"2020-04-17T13:50:56Z","endDate":"2020-04-17T13:51:20Z","status":0,"progress":100,"duration":24,"finished":1,"recordedDate":"2020-04-17T13:51:21.023Z","_recordId":"R_1kXLIAu8jwf2prR","distributionChannel":"anonymous","userLanguage":"EN","QID60_TEXT":68,"QID56":["2","3"],"QID189":2,"QID190":5,"QID191":1,"QID192":2,"QID193":9},"labels":{"status":"IP Address","finished":"True","QID56":["Twitter","LinkedIn"],"QID189":"Female","QID190":"White","QID191":"Yes","QID192":"New York","QID193":"Not one of the above"},"displayedFields":["QID190","QID191","QID192","QID193","QID189","QID56","QID60_TEXT"],"displayedValues":{"QID190":[1,2,3,4,5,6,7,9],"QID191":[1,0,9],"QID192":[2,1,3],"QID193":[1,2,3,9],"QID189":[1,2,3,9],"QID56":["1","2","3","4","5","6","7","8"]}},{"responseId":"R_cx0jazSsVlFsRq1","values":{"startDate":"2020-04-17T13:52:31Z","endDate":"2020-04-17T13:54:12Z","status":0,"progress":100,"duration":100,"finished":1,"recordedDate":"2020-04-17T13:54:12.588Z","_recordId":"R_cx0jazSsVlFsRq1","distributionChannel":"anonymous","userLanguage":"EN","QID60_TEXT":45,"QID56":["5","6"],"QID189":2,"QID190":5,"QID191":0,"QID192":1,"QID197":2,"QID99":3,"QID122":0,"QID37_TEXT":30,"QID38_TEXT":0,"QID176":2,"QID177_TEXT":"Katie","QID178_TEXT":"Harmatuk","QID179_TEXT":"lmc267@cornell.edu","QID180_TEXT":"999-999-9999","QID181_TEXT":"109","QID182_TEXT":"Ithaca","QID183_TEXT":"NY","QID184_TEXT":"14850","QID209":5,"QID210":1,"QID211_TEXT":173,"pa":30,"IDNUM":"12011001","ClusterID":"0110","ht_inches":61,"bmi":32.68449341574845471647},"labels":{"status":"IP Address","finished":"True","QID56":["Flyer","Newspaper"],"QID189":"Female","QID190":"White","QID191":"No","QID192":"Texas","QID197":"Meridian","QID99":"I quit more than 12 months ago","QID122":"No","QID176":"Ms.","QID209":"5 feet","QID210":"1 inch"},"displayedFields":["QID190","QID211_TEXT","QID191","QID192","QID38_TEXT","QID184_TEXT","QID182_TEXT","QID60_TEXT","QID177_TEXT","QID209","QID180_TEXT","QID179_TEXT","QID183_TEXT","QID37_TEXT","QID176","QID210","QID122","QID189","QID178_TEXT","QID56","QID99","QID197","QID181_TEXT"],"displayedValues":{"QID190":[1,2,3,4,5,6,7,9],"QID191":[1,0,9],"QID192":[2,1,3],"QID209":[4,5,6],"QID176":[1,2,3,4,5],"QID210":[0,1,2,3,4,5,6,7,8,9,1E+1,11],"QID122":[1,0],"QID189":[1,2,3,9],"QID56":["1","2","3","4","5","6","7","8"],"QID99":[1,2,3,4],"QID197":[1,2,3,4,5,6,0]}},{"responseId":"R_aic5BN5Sl2ZeNKF","values":{"startDate":"2020-04-17T13:55:35Z","endDate":"2020-04-17T13:57:45Z","status":0,"progress":100,"duration":129,"finished":1,"recordedDate":"2020-04-17T13:57:45.340Z","_recordId":"R_aic5BN5Sl2ZeNKF","distributionChannel":"anonymous","userLanguage":"EN","QID60_TEXT":26,"QID56":["8"],"QID189":1,"QID190":5,"QID191":0,"QID192":2,"QID193":3,"QID196":4,"QID99":4,"QID122":1,"QID176":1,"QID177_TEXT":"Dan","QID178_TEXT":"Hettrick","QID179_TEXT":"lmc267@cornell.edu","QID180_TEXT":"607-999-9863","QID181_TEXT":"109","QID182_TEXT":"Ithaca","QID183_TEXT":"NY","QID184_TEXT":"14850","pa":0,"IDNUM":"24011101","ClusterID":"0111"},"labels":{"status":"IP Address","finished":"True","QID56":["Word of mouth"],"QID189":"Male","QID190":"White","QID191":"No","QID192":"New York","QID193":"Oneida County","QID196":"City of Sherrill (zip code 13461)","QID99":"I've never been a smoker","QID122":"Yes","QID176":"Mr."},"displayedFields":["QID190","QID191","QID192","QID193","QID184_TEXT","QID182_TEXT","QID60_TEXT","QID177_TEXT","QID180_TEXT","QID179_TEXT","QID183_TEXT","QID176","QID122","QID189","QID178_TEXT","QID56","QID99","QID196","QID181_TEXT"],"displayedValues":{"QID190":[1,2,3,4,5,6,7,9],"QID191":[1,0,9],"QID192":[2,1,3],"QID193":[1,2,3,9],"QID176":[1,2,3,4,5],"QID122":[1,0],"QID189":[1,2,3,9],"QID56":["1","2","3","4","5","6","7","8"],"QID99":[1,2,3,4],"QID196":[3,4,0]}},{"responseId":"R_2xPH87FD1rC55Ad","values":{"startDate":"2020-04-17T14:03:30Z","endDate":"2020-04-17T14:05:38Z","status":0,"progress":100,"duration":128,"finished":1,"recordedDate":"2020-04-17T14:05:39.214Z","_recordId":"R_2xPH87FD1rC55Ad","distributionChannel":"anonymous","userLanguage":"EN","QID60_TEXT":32,"QID56":["1"],"QID189":2,"QID190":5,"QID191":0,"QID192":2,"QID193":2,"QID195":2,"QID99":3,"QID122":0,"QID37_TEXT":10,"QID38_TEXT":0,"QID176":2,"QID177_TEXT":"Carlee","QID178_TEXT":"Cassidy","QID179_TEXT":"lmc267@cornell.edu","QID180_TEXT":"607-999-8425","QID181_TEXT":"109","QID182_TEXT":"Ithaca","QID183_TEXT":"NY","QID184_TEXT":"14850","QID209":5,"QID210":1,"QID211_TEXT":140,"QID229":1,"pa":10,"IDNUM":"22011201","ClusterID":"0112","ht_inches":61,"bmi":26.44987906476753560871},"labels":{"status":"IP Address","finished":"True","QID56":["Facebook"],"QID189":"Female","QID190":"White","QID191":"No","QID192":"New York","QID193":"Lewis County","QID195":"Village of Carthage, Carthage Central School District and Augustine Academy (zip code 13619), or one of the following hamlets/villages:\n\n Carthage (zip code 13619)\n West Carthage (zip code 13619)\n Black River (zip code 13612)\n Great Bend (zip code 13619 or 13643)\n Felts Mills (zip code 13638)\n Deferiet (zip code 13628)\n Deer River (zip code 13367 or 13627)\n Herrings (zip code 13619)\n Natural Bridge (zip code 13665)\n","QID99":"I quit more than 12 months ago","QID122":"No","QID176":"Ms.","QID209":"5 feet","QID210":"1 inch","QID229":"Yes"},"displayedFields":["QID190","QID191","QID192","QID193","QID38_TEXT","QID182_TEXT","QID60_TEXT","QID177_TEXT","QID229","QID209","QID180_TEXT","QID183_TEXT","QID37_TEXT","QID122","QID189","QID178_TEXT","QID56","QID99","QID211_TEXT","QID184_TEXT","QID179_TEXT","QID176","QID210","QID195","QID181_TEXT"],"displayedValues":{"QID190":[1,2,3,4,5,6,7,9],"QID191":[1,0,9],"QID192":[2,1,3],"QID193":[1,2,3,9],"QID229":[1,0],"QID209":[4,5,6],"QID122":[1,0],"QID189":[1,2,3,9],"QID56":["1","2","3","4","5","6","7","8"],"QID99":[1,2,3,4],"QID176":[1,2,3,4,5],"QID210":[0,1,2,3,4,5,6,7,8,9,1E+1,11],"QID195":[1,2,0]}},{"responseId":"R_1rAh3bJgT7tGs3V","values":{"startDate":"2020-04-17T14:05:58Z","endDate":"2020-04-17T14:07:27Z","status":0,"progress":100,"duration":88,"finished":1,"recordedDate":"2020-04-17T14:07:28.317Z","_recordId":"R_1rAh3bJgT7tGs3V","distributionChannel":"anonymous","userLanguage":"EN","QID60_TEXT":37,"QID56":["8"],"QID189":1,"QID190":5,"QID191":0,"QID192":1,"QID197":5,"QID99":4,"QID122":0,"QID37_TEXT":0,"QID38_TEXT":0,"QID176":1,"QID177_TEXT":"Russ","QID178_TEXT":"Evans","QID179_TEXT":"lmc267@cornell.edu","QID180_TEXT":"999-999-3698","QID181_TEXT":"109","QID182_TEXT":"Ithaca","QID183_TEXT":"NY","QID184_TEXT":"14850","pa":0,"IDNUM":"15011301","ClusterID":"0113"},"labels":{"status":"IP Address","finished":"True","QID56":["Word of mouth"],"QID189":"Male","QID190":"White","QID191":"No","QID192":"Texas","QID197":"Groveton","QID99":"I've never been a smoker","QID122":"No","QID176":"Mr."},"displayedFields":["QID190","QID191","QID192","QID38_TEXT","QID184_TEXT","QID182_TEXT","QID60_TEXT","QID177_TEXT","QID180_TEXT","QID179_TEXT","QID183_TEXT","QID37_TEXT","QID176","QID122","QID189","QID178_TEXT","QID56","QID99","QID197","QID181_TEXT"],"displayedValues":{"QID190":[1,2,3,4,5,6,7,9],"QID191":[1,0,9],"QID192":[2,1,3],"QID176":[1,2,3,4,5],"QID122":[1,0],"QID189":[1,2,3,9],"QID56":["1","2","3","4","5","6","7","8"],"QID99":[1,2,3,4],"QID197":[1,2,3,4,5,6,0]}},{"responseId":"R_e2R4SBb1D94oBC9","values":{"startDate":"2020-04-17T14:07:38Z","endDate":"2020-04-17T14:09:16Z","status":0,"progress":100,"duration":97,"finished":1,"recordedDate":"2020-04-17T14:09:16.417Z","_recordId":"R_e2R4SBb1D94oBC9","distributionChannel":"anonymous","userLanguage":"EN","QID60_TEXT":35,"QID56":["6"],"QID189":1,"QID190":4,"QID191":0,"QID192":1,"QID197":6,"QID99":1,"QID176":1,"QID177_TEXT":"Antonio","QID178_TEXT":"Volpe","QID179_TEXT":"lmc267@cornell.edu","QID180_TEXT":"999-999-9999","QID181_TEXT":"109","QID182_TEXT":"Ithaca","QID183_TEXT":"NY","QID184_TEXT":"14850","pa":0,"IDNUM":"16011401","ClusterID":"0114"},"labels":{"status":"IP Address","finished":"True","QID56":["Newspaper"],"QID189":"Male","QID190":"Black or African American","QID191":"No","QID192":"Texas","QID197":"Trinity","QID99":"I currently smoke","QID176":"Mr."},"displayedFields":["QID190","QID191","QID192","QID184_TEXT","QID182_TEXT","QID60_TEXT","QID177_TEXT","QID180_TEXT","QID179_TEXT","QID183_TEXT","QID176","QID189","QID178_TEXT","QID56","QID99","QID197","QID181_TEXT"],"displayedValues":{"QID190":[1,2,3,4,5,6,7,9],"QID191":[1,0,9],"QID192":[2,1,3],"QID176":[1,2,3,4,5],"QID189":[1,2,3,9],"QID56":["1","2","3","4","5","6","7","8"],"QID99":[1,2,3,4],"QID197":[1,2,3,4,5,6,0]}}]}