{"responses":[{"responseId":"R_YXMJQM9GffEM9Xz","values":{"startDate":"2020-02-13T21:41:18Z","endDate":"2020-02-13T21:41:57Z","status":1,"progress":100,"duration":39,"finished":1,"recordedDate":"2020-02-13T21:41:58.932Z","_recordId":"R_YXMJQM9GffEM9Xz","distributionChannel":"preview","userLanguage":"EN","QID60_TEXT":18,"QID56":["1"],"QID189":2,"QID190":5,"QID191":0,"QID192":2,"QID193":1,"QID195":1,"QID99":1,"QID176":3,"QID177_TEXT":"Leah","QID178_TEXT":"Connor","QID179_TEXT":"lmc267@cornell.edu","QID180_TEXT":"3154400552","QID181_TEXT":"109 Tudor Road","QID182_TEXT":"Ithaca","QID183_TEXT":"NY","QID184_TEXT":"14850","pa":0,"IDNUM":"21010101"},"labels":{"status":"Survey Preview","finished":"True","QID56":["Facebook"],"QID189":"Female","QID190":"White","QID191":"No","QID192":"New York","QID193":"Jefferson County","QID195":"Township of Hounsfield/Sackets Harbor School District (zip code 13685), or one of the following hamlets/villages:\n\n Alverson (zip code 13601)\n Baggs Corner (zip code 13601)\n Boulton Beach (zip code 13685)\n Camps Mills (zip code 13601)\n East Hounsfield (zip code 13601)\n Field's Settlement (zip code 13601)\n Jewettville (zip code 13685)\n Maxon Corners\n Paddy Hill (zip code 13634)\n Purpura Corners\n Sackets Harbor (zip code 13685)\n Stowell Corners\n Sulphur Springs (zip code 13601)\n","QID99":"I currently smoke","QID176":"Mrs."},"displayedFields":["QID190","QID191","QID192","QID193","QID184_TEXT","QID182_TEXT","QID60_TEXT","QID177_TEXT","QID180_TEXT","QID179_TEXT","QID183_TEXT","QID176","QID189","QID178_TEXT","QID56","QID99","QID195","QID181_TEXT"],"displayedValues":{"QID190":[1,2,3,4,5,6,7,9],"QID191":[1,0,9],"QID192":[2,1,3],"QID193":[1,2,3,9],"QID176":[1,2,3,4,5],"QID189":[1,2,3,9],"QID56":["1","2","3","4","5","6","7","8"],"QID99":[1,2,3,4],"QID195":[1,2,0]}},{"responseId":"R_1jeUOr91FNIaj60","values":{"startDate":"2020-02-18T13:53:36Z","endDate":"2020-02-18T13:55:25Z","status":0,"progress":100,"duration":109,"finished":1,"recordedDate":"2020-02-18T13:55:26.253Z","_recordId":"R_1jeUOr91FNIaj60","distributionChannel":"anonymous","userLanguage":"EN","QID60_TEXT":45,"QID56":["1"],"QID189":2,"QID190":3,"QID191":0,"QID192":2,"QID193":3,"QID196":3,"QID99":1,"QID176":2,"QID177_TEXT":"Grace","QID178_TEXT":"Marshall","QID179_TEXT":"gracemarshall@outlook.com","QID180_TEXT":"2222222222","QID181_TEXT":"108","QID182_TEXT":"Ithaca","QID183_TEXT":"NY","QID184_TEXT":"14850","pa":0,"IDNUM":"23010201"},"labels":{"status":"IP Address","finished":"True","QID56":["Facebook"],"QID189":"Female","QID190":"Native Hawaiian or Other Pacific Islander","QID191":"No","QID192":"New York","QID193":"Oneida County","QID196":"Township of Camden or Village of Camden","QID99":"I currently smoke","QID176":"Ms."},"displayedFields":["QID190","QID191","QID192","QID193","QID184_TEXT","QID182_TEXT","QID60_TEXT","QID177_TEXT","QID180_TEXT","QID179_TEXT","QID183_TEXT","QID176","QID189","QID178_TEXT","QID56","QID99","QID196","QID181_TEXT"],"displayedValues":{"QID190":[1,2,3,4,5,6,7,9],"QID191":[1,0,9],"QID192":[2,1,3],"QID193":[1,2,3,9],"QID176":[1,2,3,4,5],"QID189":[1,2,3,9],"QID56":["1","2","3","4","5","6","7","8"],"QID99":[1,2,3,4],"QID196":[3,4,0]}},{"responseId":"R_1CvHCE1GdfzioVd","values":{"startDate":"2020-02-18T14:40:57Z","endDate":"2020-02-18T14:41:51Z","status":0,"progress":100,"duration":53,"finished":1,"recordedDate":"2020-02-18T14:41:51.416Z","_recordId":"R_1CvHCE1GdfzioVd","distributionChannel":"anonymous","userLanguage":"EN","QID60_TEXT":55,"QID56":["3"],"QID189":3,"QID190":2,"QID191":1,"QID192":2,"QID193":3,"QID196":3,"QID99":3,"QID122":1,"QID176":2,"QID177_TEXT":"Grace","QID178_TEXT":"Marshall","QID179_TEXT":"gracemarshall@outlook.com","QID180_TEXT":"2222222222","QID181_TEXT":"108","QID182_TEXT":"Ithaca","QID183_TEXT":"NY","QID184_TEXT":"14850","pa":0,"IDNUM":"23010301"},"labels":{"status":"IP Address","finished":"True","QID56":["LinkedIn"],"QID189":"Not one of the above","QID190":"Asian","QID191":"Yes","QID192":"New York","QID193":"Oneida County","QID196":"Township of Camden or Village of Camden","QID99":"I quit more than 12 months ago","QID122":"Yes","QID176":"Ms."},"displayedFields":["QID190","QID191","QID192","QID193","QID184_TEXT","QID182_TEXT","QID60_TEXT","QID177_TEXT","QID180_TEXT","QID179_TEXT","QID183_TEXT","QID176","QID122","QID189","QID178_TEXT","QID56","QID99","QID196","QID181_TEXT"],"displayedValues":{"QID190":[1,2,3,4,5,6,7,9],"QID191":[1,0,9],"QID192":[2,1,3],"QID193":[1,2,3,9],"QID176":[1,2,3,4,5],"QID122":[1,0],"QID189":[1,2,3,9],"QID56":["1","2","3","4","5","6","7","8"],"QID99":[1,2,3,4],"QID196":[3,4,0]}},{"responseId":"R_yDzoMSy0FOwB8qJ","values":{"startDate":"2020-02-18T14:41:58Z","endDate":"2020-02-18T14:42:53Z","status":0,"progress":100,"duration":54,"finished":1,"recordedDate":"2020-02-18T14:42:54.114Z","_recordId":"R_yDzoMSy0FOwB8qJ","distributionChannel":"anonymous","userLanguage":"EN","QID60_TEXT":74,"QID56":["3"],"QID189":2,"QID190":1,"QID191":0,"QID192":2,"QID193":3,"QID196":3,"QID99":4,"QID122":0,"QID37_TEXT":0,"QID38_TEXT":0,"QID176":2,"QID177_TEXT":"Grace","QID178_TEXT":"Marshall","QID179_TEXT":"gracemarshall@outlook.com","QID180_TEXT":"2222222222","QID181_TEXT":"2222","QID182_TEXT":"Ithaca","QID183_TEXT":"NY","QID184_TEXT":"14850","pa":0,"IDNUM":"23010401"},"labels":{"status":"IP Address","finished":"True","QID56":["LinkedIn"],"QID189":"Female","QID190":"American Indian/Alaska Native","QID191":"No","QID192":"New York","QID193":"Oneida County","QID196":"Township of Camden or Village of Camden","QID99":"I've never been a smoker","QID122":"No","QID176":"Ms."},"displayedFields":["QID190","QID191","QID192","QID193","QID38_TEXT","QID184_TEXT","QID182_TEXT","QID60_TEXT","QID177_TEXT","QID180_TEXT","QID179_TEXT","QID183_TEXT","QID37_TEXT","QID176","QID122","QID189","QID178_TEXT","QID56","QID99","QID196","QID181_TEXT"],"displayedValues":{"QID190":[1,2,3,4,5,6,7,9],"QID191":[1,0,9],"QID192":[2,1,3],"QID193":[1,2,3,9],"QID176":[1,2,3,4,5],"QID122":[1,0],"QID189":[1,2,3,9],"QID56":["1","2","3","4","5","6","7","8"],"QID99":[1,2,3,4],"QID196":[3,4,0]}},{"responseId":"R_2Bs19W8EP7YjbUk","values":{"startDate":"2020-02-18T15:06:10Z","endDate":"2020-02-18T15:07:31Z","status":0,"progress":100,"duration":80,"finished":1,"recordedDate":"2020-02-18T15:07:31.505Z","_recordId":"R_2Bs19W8EP7YjbUk","distributionChannel":"anonymous","userLanguage":"EN","QID60_TEXT":32,"QID56":["7"],"QID189":2,"QID190":4,"QID191":0,"QID192":2,"QID193":3,"QID196":3,"QID99":4,"QID122":1,"QID176":2,"QID177_TEXT":"Grace","QID178_TEXT":"M","QID179_TEXT":"gam263@cornell.edu","QID180_TEXT":"5555555555","QID181_TEXT":"24550","QID182_TEXT":"Ithaca","QID183_TEXT":"New York","QID184_TEXT":"14850","pa":0,"IDNUM":"23010501"},"labels":{"status":"IP Address","finished":"True","QID56":["Radio"],"QID189":"Female","QID190":"Black or African American","QID191":"No","QID192":"New York","QID193":"Oneida County","QID196":"Township of Camden or Village of Camden","QID99":"I've never been a smoker","QID122":"Yes","QID176":"Ms."},"displayedFields":["QID190","QID191","QID192","QID193","QID184_TEXT","QID182_TEXT","QID60_TEXT","QID177_TEXT","QID180_TEXT","QID179_TEXT","QID183_TEXT","QID176","QID122","QID189","QID178_TEXT","QID56","QID99","QID196","QID181_TEXT"],"displayedValues":{"QID190":[1,2,3,4,5,6,7,9],"QID191":[1,0,9],"QID192":[2,1,3],"QID193":[1,2,3,9],"QID176":[1,2,3,4,5],"QID122":[1,0],"QID189":[1,2,3,9],"QID56":["1","2","3","4","5","6","7","8"],"QID99":[1,2,3,4],"QID196":[3,4,0]}},{"responseId":"R_1QgzFAeuCgP4K2B","values":{"startDate":"2020-02-18T15:07:34Z","endDate":"2020-02-18T15:08:24Z","status":0,"progress":100,"duration":50,"finished":1,"recordedDate":"2020-02-18T15:08:25.552Z","_recordId":"R_1QgzFAeuCgP4K2B","distributionChannel":"anonymous","userLanguage":"EN","QID60_TEXT":22,"QID56":["4"],"QID189":3,"QID190":2,"QID191":1,"QID192":2,"QID193":3,"QID196":3,"QID99":1,"QID176":2,"QID177_TEXT":"Grace","QID178_TEXT":"Mar","QID179_TEXT":"gam263@cornell.edu","QID180_TEXT":"6666666666","QID181_TEXT":"asdf e aac","QID182_TEXT":"Ithaca","QID183_TEXT":"NY","QID184_TEXT":"14850","pa":0,"IDNUM":"23010601"},"labels":{"status":"IP Address","finished":"True","QID56":["Postcard"],"QID189":"Not one of the above","QID190":"Asian","QID191":"Yes","QID192":"New York","QID193":"Oneida County","QID196":"Township of Camden or Village of Camden","QID99":"I currently smoke","QID176":"Ms."},"displayedFields":["QID190","QID191","QID192","QID193","QID184_TEXT","QID182_TEXT","QID60_TEXT","QID177_TEXT","QID180_TEXT","QID179_TEXT","QID183_TEXT","QID176","QID189","QID178_TEXT","QID56","QID99","QID196","QID181_TEXT"],"displayedValues":{"QID190":[1,2,3,4,5,6,7,9],"QID191":[1,0,9],"QID192":[2,1,3],"QID193":[1,2,3,9],"QID176":[1,2,3,4,5],"QID189":[1,2,3,9],"QID56":["1","2","3","4","5","6","7","8"],"QID99":[1,2,3,4],"QID196":[3,4,0]}},{"responseId":"R_3hhH9N75wOyyEjs","values":{"startDate":"2020-02-18T15:08:26Z","endDate":"2020-02-18T15:08:59Z","status":0,"progress":100,"duration":33,"finished":1,"recordedDate":"2020-02-18T15:09:00.321Z","_recordId":"R_3hhH9N75wOyyEjs","distributionChannel":"anonymous","userLanguage":"EN","QID60_TEXT":33,"QID56":["2"],"QID189":2,"QID190":4,"QID191":9,"QID192":2,"QID193":3,"QID196":3,"QID99":1,"QID176":4,"QID177_TEXT":"Grace","QID178_TEXT":"Mar","QID179_TEXT":"gracemarshall@jhu.edu","QID180_TEXT":"6666666666","QID181_TEXT":"asd fae","QID182_TEXT":"Beaux Arts Village","QID183_TEXT":"WA","QID184_TEXT":"98004","pa":0,"IDNUM":"23010701"},"labels":{"status":"IP Address","finished":"True","QID56":["Twitter"],"QID189":"Female","QID190":"Black or African American","QID191":"Prefer not to answer","QID192":"New York","QID193":"Oneida County","QID196":"Township of Camden or Village of Camden","QID99":"I currently smoke","QID176":"Mx."},"displayedFields":["QID190","QID191","QID192","QID193","QID184_TEXT","QID182_TEXT","QID60_TEXT","QID177_TEXT","QID180_TEXT","QID179_TEXT","QID183_TEXT","QID176","QID189","QID178_TEXT","QID56","QID99","QID196","QID181_TEXT"],"displayedValues":{"QID190":[1,2,3,4,5,6,7,9],"QID191":[1,0,9],"QID192":[2,1,3],"QID193":[1,2,3,9],"QID176":[1,2,3,4,5],"QID189":[1,2,3,9],"QID56":["1","2","3","4","5","6","7","8"],"QID99":[1,2,3,4],"QID196":[3,4,0]}},{"responseId":"R_1rvMRbS6GPi6IUB","values":{"startDate":"2020-02-18T15:09:02Z","endDate":"2020-02-18T15:09:43Z","status":0,"progress":100,"duration":41,"finished":1,"recordedDate":"2020-02-18T15:09:44.368Z","_recordId":"R_1rvMRbS6GPi6IUB","distributionChannel":"anonymous","userLanguage":"EN","QID60_TEXT":45,"QID56":["2"],"QID189":2,"QID190":4,"QID191":1,"QID192":2,"QID193":3,"QID196":3,"QID99":2,"QID122":1,"QID176":2,"QID177_TEXT":"Grace","QID178_TEXT":"dsa","QID179_TEXT":"gracemarshall@jhu.edu","QID180_TEXT":"6666666666","QID181_TEXT":"666","QID182_TEXT":"Beaux Arts Village","QID183_TEXT":"WA","QID184_TEXT":"98004","pa":0,"IDNUM":"23010801"},"labels":{"status":"IP Address","finished":"True","QID56":["Twitter"],"QID189":"Female","QID190":"Black or African American","QID191":"Yes","QID192":"New York","QID193":"Oneida County","QID196":"Township of Camden or Village of Camden","QID99":"I quit in the last 12 months","QID122":"Yes","QID176":"Ms."},"displayedFields":["QID190","QID191","QID192","QID193","QID184_TEXT","QID182_TEXT","QID60_TEXT","QID177_TEXT","QID180_TEXT","QID179_TEXT","QID183_TEXT","QID176","QID122","QID189","QID178_TEXT","QID56","QID99","QID196","QID181_TEXT"],"displayedValues":{"QID190":[1,2,3,4,5,6,7,9],"QID191":[1,0,9],"QID192":[2,1,3],"QID193":[1,2,3,9],"QID176":[1,2,3,4,5],"QID122":[1,0],"QID189":[1,2,3,9],"QID56":["1","2","3","4","5","6","7","8"],"QID99":[1,2,3,4],"QID196":[3,4,0]}},{"responseId":"R_2E61KINcRPuoTbo","values":{"startDate":"2020-02-18T15:09:56Z","endDate":"2020-02-18T15:16:22Z","status":0,"progress":100,"duration":385,"finished":1,"recordedDate":"2020-02-18T15:16:22.498Z","_recordId":"R_2E61KINcRPuoTbo","distributionChannel":"anonymous","userLanguage":"EN","QID60_TEXT":42,"QID56":["4"],"QID189":2,"QID190":3,"QID191":0,"QID192":2,"QID193":3,"QID196":3,"QID99":1,"QID176":2,"QID177_TEXT":"Grace","QID178_TEXT":"G","QID179_TEXT":"gam263@cornell.edu","QID180_TEXT":"2222222222","QID181_TEXT":"111","QID182_TEXT":"Ithaca","QID183_TEXT":"NY","QID184_TEXT":"14850","pa":0,"IDNUM":"23010901"},"labels":{"status":"IP Address","finished":"True","QID56":["Postcard"],"QID189":"Female","QID190":"Native Hawaiian or Other Pacific Islander","QID191":"No","QID192":"New York","QID193":"Oneida County","QID196":"Township of Camden or Village of Camden","QID99":"I currently smoke","QID176":"Ms."},"displayedFields":["QID190","QID191","QID192","QID193","QID184_TEXT","QID182_TEXT","QID60_TEXT","QID177_TEXT","QID180_TEXT","QID179_TEXT","QID183_TEXT","QID176","QID189","QID178_TEXT","QID56","QID99","QID196","QID181_TEXT"],"displayedValues":{"QID190":[1,2,3,4,5,6,7,9],"QID191":[1,0,9],"QID192":[2,1,3],"QID193":[1,2,3,9],"QID176":[1,2,3,4,5],"QID189":[1,2,3,9],"QID56":["1","2","3","4","5","6","7","8"],"QID99":[1,2,3,4],"QID196":[3,4,0]}},{"responseId":"R_2xWNlFuDtvMciBi","values":{"startDate":"2020-02-18T15:16:43Z","endDate":"2020-02-18T15:17:30Z","status":0,"progress":100,"duration":46,"finished":1,"recordedDate":"2020-02-18T15:17:30.572Z","_recordId":"R_2xWNlFuDtvMciBi","distributionChannel":"anonymous","userLanguage":"EN","QID60_TEXT":46,"QID56":["8"],"QID189":2,"QID190":5,"QID191":0,"QID192":2,"QID193":3,"QID196":3,"QID99":4,"QID122":1,"QID176":3,"QID177_TEXT":"Grace","QID178_TEXT":"M","QID179_TEXT":"gracemarshall@outlook.com","QID180_TEXT":"4444444444","QID181_TEXT":"444","QID182_TEXT":"Ithaca","QID183_TEXT":"NY","QID184_TEXT":"14850","pa":0,"IDNUM":"23011001"},"labels":{"status":"IP Address","finished":"True","QID56":["Word of mouth"],"QID189":"Female","QID190":"White","QID191":"No","QID192":"New York","QID193":"Oneida County","QID196":"Township of Camden or Village of Camden","QID99":"I've never been a smoker","QID122":"Yes","QID176":"Mrs."},"displayedFields":["QID190","QID191","QID192","QID193","QID184_TEXT","QID182_TEXT","QID60_TEXT","QID177_TEXT","QID180_TEXT","QID179_TEXT","QID183_TEXT","QID176","QID122","QID189","QID178_TEXT","QID56","QID99","QID196","QID181_TEXT"],"displayedValues":{"QID190":[1,2,3,4,5,6,7,9],"QID191":[1,0,9],"QID192":[2,1,3],"QID193":[1,2,3,9],"QID176":[1,2,3,4,5],"QID122":[1,0],"QID189":[1,2,3,9],"QID56":["1","2","3","4","5","6","7","8"],"QID99":[1,2,3,4],"QID196":[3,4,0]}},{"responseId":"R_qJvuLToEdNFKOL7","values":{"startDate":"2020-02-18T15:17:32Z","endDate":"2020-02-18T15:18:16Z","status":0,"progress":100,"duration":43,"finished":1,"recordedDate":"2020-02-18T15:18:16.766Z","_recordId":"R_qJvuLToEdNFKOL7","distributionChannel":"anonymous","userLanguage":"EN","QID60_TEXT":66,"QID56":["6"],"QID189":2,"QID190":5,"QID191":0,"QID192":2,"QID193":3,"QID196":3,"QID99":1,"QID176":4,"QID177_TEXT":"Grace","QID178_TEXT":"m","QID179_TEXT":"gracemarshall@outlook.com","QID180_TEXT":"4444444444","QID181_TEXT":"444","QID182_TEXT":"Ithaca","QID183_TEXT":"NY","QID184_TEXT":"14850","pa":0,"IDNUM":"23011101"},"labels":{"status":"IP Address","finished":"True","QID56":["Newspaper"],"QID189":"Female","QID190":"White","QID191":"No","QID192":"New York","QID193":"Oneida County","QID196":"Township of Camden or Village of Camden","QID99":"I currently smoke","QID176":"Mx."},"displayedFields":["QID190","QID191","QID192","QID193","QID184_TEXT","QID182_TEXT","QID60_TEXT","QID177_TEXT","QID180_TEXT","QID179_TEXT","QID183_TEXT","QID176","QID189","QID178_TEXT","QID56","QID99","QID196","QID181_TEXT"],"displayedValues":{"QID190":[1,2,3,4,5,6,7,9],"QID191":[1,0,9],"QID192":[2,1,3],"QID193":[1,2,3,9],"QID176":[1,2,3,4,5],"QID189":[1,2,3,9],"QID56":["1","2","3","4","5","6","7","8"],"QID99":[1,2,3,4],"QID196":[3,4,0]}},{"responseId":"R_3h0wtnF09Jf9RYb","values":{"startDate":"2020-02-18T15:18:18Z","endDate":"2020-02-18T15:19:12Z","status":0,"progress":100,"duration":54,"finished":1,"recordedDate":"2020-02-18T15:19:13.373Z","_recordId":"R_3h0wtnF09Jf9RYb","distributionChannel":"anonymous","userLanguage":"EN","QID60_TEXT":26,"QID56":["5"],"QID189":2,"QID190":6,"QID191":1,"QID192":2,"QID193":3,"QID196":3,"QID99":3,"QID122":0,"QID37_TEXT":0,"QID38_TEXT":0,"QID176":2,"QID177_TEXT":"Grace","QID178_TEXT":"s","QID179_TEXT":"gracemarshall@outlook.com","QID180_TEXT":"5555555555","QID181_TEXT":"555","QID182_TEXT":"Ithaca","QID183_TEXT":"NY","QID184_TEXT":"14850","pa":0,"IDNUM":"23011201"},"labels":{"status":"IP Address","finished":"True","QID56":["Flyer"],"QID189":"Female","QID190":"More than One Race","QID191":"Yes","QID192":"New York","QID193":"Oneida County","QID196":"Township of Camden or Village of Camden","QID99":"I quit more than 12 months ago","QID122":"No","QID176":"Ms."},"displayedFields":["QID190","QID191","QID192","QID193","QID38_TEXT","QID184_TEXT","QID182_TEXT","QID60_TEXT","QID177_TEXT","QID180_TEXT","QID179_TEXT","QID183_TEXT","QID37_TEXT","QID176","QID122","QID189","QID178_TEXT","QID56","QID99","QID196","QID181_TEXT"],"displayedValues":{"QID190":[1,2,3,4,5,6,7,9],"QID191":[1,0,9],"QID192":[2,1,3],"QID193":[1,2,3,9],"QID176":[1,2,3,4,5],"QID122":[1,0],"QID189":[1,2,3,9],"QID56":["1","2","3","4","5","6","7","8"],"QID99":[1,2,3,4],"QID196":[3,4,0]}},{"responseId":"R_31N0J8qEWnKHPUX","values":{"startDate":"2020-02-18T15:19:15Z","endDate":"2020-02-18T15:22:32Z","status":0,"progress":100,"duration":196,"finished":1,"recordedDate":"2020-02-18T15:22:32.991Z","_recordId":"R_31N0J8qEWnKHPUX","distributionChannel":"anonymous","userLanguage":"EN","QID60_TEXT":41,"QID56":["8"],"QID189":3,"QID190":4,"QID191":0,"QID192":2,"QID193":3,"QID196":3,"QID99":4,"QID122":1,"QID176":2,"QID177_TEXT":"Grace","QID178_TEXT":"l","QID179_TEXT":"gracemarshall@jhu.edu","QID180_TEXT":"8888888888","QID181_TEXT":"9","QID182_TEXT":"Beaux Arts Village","QID183_TEXT":"WA","QID184_TEXT":"98004","pa":0,"IDNUM":"23011301"},"labels":{"status":"IP Address","finished":"True","QID56":["Word of mouth"],"QID189":"Not one of the above","QID190":"Black or African American","QID191":"No","QID192":"New York","QID193":"Oneida County","QID196":"Township of Camden or Village of Camden","QID99":"I've never been a smoker","QID122":"Yes","QID176":"Ms."},"displayedFields":["QID190","QID191","QID192","QID193","QID184_TEXT","QID182_TEXT","QID60_TEXT","QID177_TEXT","QID180_TEXT","QID179_TEXT","QID183_TEXT","QID176","QID122","QID189","QID178_TEXT","QID56","QID99","QID196","QID181_TEXT"],"displayedValues":{"QID190":[1,2,3,4,5,6,7,9],"QID191":[1,0,9],"QID192":[2,1,3],"QID193":[1,2,3,9],"QID176":[1,2,3,4,5],"QID122":[1,0],"QID189":[1,2,3,9],"QID56":["1","2","3","4","5","6","7","8"],"QID99":[1,2,3,4],"QID196":[3,4,0]}},{"responseId":"R_vIz8rCcTZuYrkOt","values":{"startDate":"2020-02-18T15:22:36Z","endDate":"2020-02-18T15:23:33Z","status":0,"progress":100,"duration":56,"finished":1,"recordedDate":"2020-02-18T15:23:33.794Z","_recordId":"R_vIz8rCcTZuYrkOt","distributionChannel":"anonymous","userLanguage":"EN","QID60_TEXT":51,"QID56":["7"],"QID189":1,"QID190":7,"QID191":0,"QID192":2,"QID193":3,"QID196":3,"QID99":1,"QID176":4,"QID177_TEXT":"Grace","QID178_TEXT":"d","QID179_TEXT":"gam263@cornell.edu","QID180_TEXT":"4444444444","QID181_TEXT":"d","QID182_TEXT":"Ithaca","QID183_TEXT":"New York","QID184_TEXT":"14850","pa":0,"IDNUM":"23011401"},"labels":{"status":"IP Address","finished":"True","QID56":["Radio"],"QID189":"Male","QID190":"Other","QID191":"No","QID192":"New York","QID193":"Oneida County","QID196":"Township of Camden or Village of Camden","QID99":"I currently smoke","QID176":"Mx."},"displayedFields":["QID190","QID191","QID192","QID193","QID184_TEXT","QID182_TEXT","QID60_TEXT","QID177_TEXT","QID180_TEXT","QID179_TEXT","QID183_TEXT","QID176","QID189","QID178_TEXT","QID56","QID99","QID196","QID181_TEXT"],"displayedValues":{"QID190":[1,2,3,4,5,6,7,9],"QID191":[1,0,9],"QID192":[2,1,3],"QID193":[1,2,3,9],"QID176":[1,2,3,4,5],"QID189":[1,2,3,9],"QID56":["1","2","3","4","5","6","7","8"],"QID99":[1,2,3,4],"QID196":[3,4,0]}},{"responseId":"R_2w4gsk1iBq3fbH6","values":{"startDate":"2020-02-18T15:23:35Z","endDate":"2020-02-18T15:24:27Z","status":0,"progress":100,"duration":52,"finished":1,"recordedDate":"2020-02-18T15:24:28.192Z","_recordId":"R_2w4gsk1iBq3fbH6","distributionChannel":"anonymous","userLanguage":"EN","QID60_TEXT":23,"QID56":["7"],"QID189":1,"QID190":9,"QID191":9,"QID192":2,"QID193":3,"QID196":3,"QID99":1,"QID176":2,"QID177_TEXT":"Grace","QID178_TEXT":"t","QID179_TEXT":"gracemarshall@outlook.com","QID180_TEXT":"9999999999","QID181_TEXT":"99","QID182_TEXT":"Ithaca","QID183_TEXT":"NY","QID184_TEXT":"14850","pa":0,"IDNUM":"23011501"},"labels":{"status":"IP Address","finished":"True","QID56":["Radio"],"QID189":"Male","QID190":"Prefer not to answer","QID191":"Prefer not to answer","QID192":"New York","QID193":"Oneida County","QID196":"Township of Camden or Village of Camden","QID99":"I currently smoke","QID176":"Ms."},"displayedFields":["QID190","QID191","QID192","QID193","QID184_TEXT","QID182_TEXT","QID60_TEXT","QID177_TEXT","QID180_TEXT","QID179_TEXT","QID183_TEXT","QID176","QID189","QID178_TEXT","QID56","QID99","QID196","QID181_TEXT"],"displayedValues":{"QID190":[1,2,3,4,5,6,7,9],"QID191":[1,0,9],"QID192":[2,1,3],"QID193":[1,2,3,9],"QID176":[1,2,3,4,5],"QID189":[1,2,3,9],"QID56":["1","2","3","4","5","6","7","8"],"QID99":[1,2,3,4],"QID196":[3,4,0]}},{"responseId":"R_3kc9zyrS5yH8IaH","values":{"startDate":"2020-02-18T15:24:29Z","endDate":"2020-02-18T15:25:13Z","status":0,"progress":100,"duration":43,"finished":1,"recordedDate":"2020-02-18T15:25:13.748Z","_recordId":"R_3kc9zyrS5yH8IaH","distributionChannel":"anonymous","userLanguage":"EN","QID60_TEXT":19,"QID56":["7"],"QID189":3,"QID190":1,"QID191":9,"QID192":2,"QID193":3,"QID196":3,"QID99":1,"QID176":3,"QID177_TEXT":"Grace","QID178_TEXT":"all","QID179_TEXT":"gam263@cornell.edu","QID180_TEXT":"9999999999","QID181_TEXT":"99","QID182_TEXT":"Ithaca","QID183_TEXT":"New York","QID184_TEXT":"14850","pa":0,"IDNUM":"23011601"},"labels":{"status":"IP Address","finished":"True","QID56":["Radio"],"QID189":"Not one of the above","QID190":"American Indian/Alaska Native","QID191":"Prefer not to answer","QID192":"New York","QID193":"Oneida County","QID196":"Township of Camden or Village of Camden","QID99":"I currently smoke","QID176":"Mrs."},"displayedFields":["QID190","QID191","QID192","QID193","QID184_TEXT","QID182_TEXT","QID60_TEXT","QID177_TEXT","QID180_TEXT","QID179_TEXT","QID183_TEXT","QID176","QID189","QID178_TEXT","QID56","QID99","QID196","QID181_TEXT"],"displayedValues":{"QID190":[1,2,3,4,5,6,7,9],"QID191":[1,0,9],"QID192":[2,1,3],"QID193":[1,2,3,9],"QID176":[1,2,3,4,5],"QID189":[1,2,3,9],"QID56":["1","2","3","4","5","6","7","8"],"QID99":[1,2,3,4],"QID196":[3,4,0]}},{"responseId":"R_2du9w1lzE8B0MJf","values":{"startDate":"2020-02-18T15:25:15Z","endDate":"2020-02-18T15:26:37Z","status":0,"progress":100,"duration":82,"finished":1,"recordedDate":"2020-02-18T15:26:38.323Z","_recordId":"R_2du9w1lzE8B0MJf","distributionChannel":"anonymous","userLanguage":"EN","QID60_TEXT":25,"QID56":["7"],"QID189":2,"QID190":5,"QID191":1,"QID192":2,"QID193":3,"QID196":3,"QID99":4,"QID122":0,"QID37_TEXT":1,"QID38_TEXT":0,"QID176":3,"QID177_TEXT":"Grace","QID178_TEXT":"Street","QID179_TEXT":"gracemarshall@outlook.com","QID180_TEXT":"8888888888","QID181_TEXT":"8","QID182_TEXT":"Ithaca","QID183_TEXT":"NY","QID184_TEXT":"14850","QID209":5,"QID210":2,"QID211_TEXT":200,"pa":1,"IDNUM":"23011701","ht_inches":62,"bmi":36.57648283038501560874},"labels":{"status":"IP Address","finished":"True","QID56":["Radio"],"QID189":"Female","QID190":"White","QID191":"Yes","QID192":"New York","QID193":"Oneida County","QID196":"Township of Camden or Village of Camden","QID99":"I've never been a smoker","QID122":"No","QID176":"Mrs.","QID209":"5 feet","QID210":"2 inches"},"displayedFields":["QID190","QID211_TEXT","QID191","QID192","QID193","QID38_TEXT","QID184_TEXT","QID182_TEXT","QID60_TEXT","QID177_TEXT","QID209","QID180_TEXT","QID179_TEXT","QID183_TEXT","QID37_TEXT","QID176","QID210","QID122","QID189","QID178_TEXT","QID56","QID99","QID196","QID181_TEXT"],"displayedValues":{"QID190":[1,2,3,4,5,6,7,9],"QID191":[1,0,9],"QID192":[2,1,3],"QID193":[1,2,3,9],"QID209":[4,5,6],"QID176":[1,2,3,4,5],"QID210":[0,1,2,3,4,5,6,7,8,9,1E+1,11],"QID122":[1,0],"QID189":[1,2,3,9],"QID56":["1","2","3","4","5","6","7","8"],"QID99":[1,2,3,4],"QID196":[3,4,0]}},{"responseId":"R_3O6vcCFr2XS9kvJ","values":{"startDate":"2020-02-18T15:26:39Z","endDate":"2020-02-18T15:27:25Z","status":0,"progress":100,"duration":46,"finished":1,"recordedDate":"2020-02-18T15:27:26.188Z","_recordId":"R_3O6vcCFr2XS9kvJ","distributionChannel":"anonymous","userLanguage":"EN","QID60_TEXT":48,"QID56":["6"],"QID189":3,"QID190":6,"QID191":1,"QID192":2,"QID193":3,"QID196":3,"QID99":1,"QID176":3,"QID177_TEXT":"Grace","QID178_TEXT":"s","QID179_TEXT":"gracemarshall@jhu.edu","QID180_TEXT":"2222222222","QID181_TEXT":"2","QID182_TEXT":"Beaux Arts Village","QID183_TEXT":"WA","QID184_TEXT":"98004","pa":0,"IDNUM":"23011801"},"labels":{"status":"IP Address","finished":"True","QID56":["Newspaper"],"QID189":"Not one of the above","QID190":"More than One Race","QID191":"Yes","QID192":"New York","QID193":"Oneida County","QID196":"Township of Camden or Village of Camden","QID99":"I currently smoke","QID176":"Mrs."},"displayedFields":["QID190","QID191","QID192","QID193","QID184_TEXT","QID182_TEXT","QID60_TEXT","QID177_TEXT","QID180_TEXT","QID179_TEXT","QID183_TEXT","QID176","QID189","QID178_TEXT","QID56","QID99","QID196","QID181_TEXT"],"displayedValues":{"QID190":[1,2,3,4,5,6,7,9],"QID191":[1,0,9],"QID192":[2,1,3],"QID193":[1,2,3,9],"QID176":[1,2,3,4,5],"QID189":[1,2,3,9],"QID56":["1","2","3","4","5","6","7","8"],"QID99":[1,2,3,4],"QID196":[3,4,0]}},{"responseId":"R_2scAWdjsG6baOwE","values":{"startDate":"2020-02-18T15:27:27Z","endDate":"2020-02-18T15:30:23Z","status":0,"progress":100,"duration":176,"finished":1,"recordedDate":"2020-02-18T15:30:23.865Z","_recordId":"R_2scAWdjsG6baOwE","distributionChannel":"anonymous","userLanguage":"EN","QID60_TEXT":46,"QID56":["7"],"QID189":2,"QID190":4,"QID191":1,"QID192":2,"QID193":3,"QID196":3,"QID99":1,"QID176":2,"QID177_TEXT":"Grace","QID178_TEXT":"l","QID179_TEXT":"gracemarshall@jhu.edu","QID180_TEXT":"7777777777","QID181_TEXT":"7","QID182_TEXT":"Beaux Arts Village","QID183_TEXT":"WA","QID184_TEXT":"98004","pa":0,"IDNUM":"23011901"},"labels":{"status":"IP Address","finished":"True","QID56":["Radio"],"QID189":"Female","QID190":"Black or African American","QID191":"Yes","QID192":"New York","QID193":"Oneida County","QID196":"Township of Camden or Village of Camden","QID99":"I currently smoke","QID176":"Ms."},"displayedFields":["QID190","QID191","QID192","QID193","QID184_TEXT","QID182_TEXT","QID60_TEXT","QID177_TEXT","QID180_TEXT","QID179_TEXT","QID183_TEXT","QID176","QID189","QID178_TEXT","QID56","QID99","QID196","QID181_TEXT"],"displayedValues":{"QID190":[1,2,3,4,5,6,7,9],"QID191":[1,0,9],"QID192":[2,1,3],"QID193":[1,2,3,9],"QID176":[1,2,3,4,5],"QID189":[1,2,3,9],"QID56":["1","2","3","4","5","6","7","8"],"QID99":[1,2,3,4],"QID196":[3,4,0]}},{"responseId":"R_RC7vbWwFFwvTcSR","values":{"startDate":"2020-02-18T15:30:25Z","endDate":"2020-02-18T15:31:00Z","status":0,"progress":100,"duration":34,"finished":1,"recordedDate":"2020-02-18T15:31:00.610Z","_recordId":"R_RC7vbWwFFwvTcSR","distributionChannel":"anonymous","userLanguage":"EN","QID60_TEXT":36,"QID56":["3"],"QID189":2,"QID190":3,"QID191":0,"QID192":2,"QID193":3,"QID196":3,"QID99":1,"QID176":4,"QID177_TEXT":"Grace","QID178_TEXT":"p","QID179_TEXT":"gracemarshall@jhu.edu","QID180_TEXT":"2222222222","QID181_TEXT":"22","QID182_TEXT":"Beaux Arts Village","QID183_TEXT":"WA","QID184_TEXT":"98004","pa":0,"IDNUM":"23012001"},"labels":{"status":"IP Address","finished":"True","QID56":["LinkedIn"],"QID189":"Female","QID190":"Native Hawaiian or Other Pacific Islander","QID191":"No","QID192":"New York","QID193":"Oneida County","QID196":"Township of Camden or Village of Camden","QID99":"I currently smoke","QID176":"Mx."},"displayedFields":["QID190","QID191","QID192","QID193","QID184_TEXT","QID182_TEXT","QID60_TEXT","QID177_TEXT","QID180_TEXT","QID179_TEXT","QID183_TEXT","QID176","QID189","QID178_TEXT","QID56","QID99","QID196","QID181_TEXT"],"displayedValues":{"QID190":[1,2,3,4,5,6,7,9],"QID191":[1,0,9],"QID192":[2,1,3],"QID193":[1,2,3,9],"QID176":[1,2,3,4,5],"QID189":[1,2,3,9],"QID56":["1","2","3","4","5","6","7","8"],"QID99":[1,2,3,4],"QID196":[3,4,0]}},{"responseId":"R_1lAxksu9G2Fa0QM","values":{"startDate":"2020-02-18T15:31:02Z","endDate":"2020-02-18T15:31:37Z","status":0,"progress":100,"duration":35,"finished":1,"recordedDate":"2020-02-18T15:31:38.335Z","_recordId":"R_1lAxksu9G2Fa0QM","distributionChannel":"anonymous","userLanguage":"EN","QID60_TEXT":54,"QID56":["6"],"QID189":3,"QID190":9,"QID191":9,"QID192":2,"QID193":3,"QID196":3,"QID99":1,"QID176":3,"QID177_TEXT":"Grace","QID178_TEXT":"p","QID179_TEXT":"gracemarshall@jhu.edu","QID180_TEXT":"5555555555","QID181_TEXT":"5","QID182_TEXT":"Beaux Arts Village","QID183_TEXT":"WA","QID184_TEXT":"98004","pa":0,"IDNUM":"23012101"},"labels":{"status":"IP Address","finished":"True","QID56":["Newspaper"],"QID189":"Not one of the above","QID190":"Prefer not to answer","QID191":"Prefer not to answer","QID192":"New York","QID193":"Oneida County","QID196":"Township of Camden or Village of Camden","QID99":"I currently smoke","QID176":"Mrs."},"displayedFields":["QID190","QID191","QID192","QID193","QID184_TEXT","QID182_TEXT","QID60_TEXT","QID177_TEXT","QID180_TEXT","QID179_TEXT","QID183_TEXT","QID176","QID189","QID178_TEXT","QID56","QID99","QID196","QID181_TEXT"],"displayedValues":{"QID190":[1,2,3,4,5,6,7,9],"QID191":[1,0,9],"QID192":[2,1,3],"QID193":[1,2,3,9],"QID176":[1,2,3,4,5],"QID189":[1,2,3,9],"QID56":["1","2","3","4","5","6","7","8"],"QID99":[1,2,3,4],"QID196":[3,4,0]}},{"responseId":"R_3P4zjAhV6795Dwd","values":{"startDate":"2020-02-18T15:31:39Z","endDate":"2020-02-18T15:32:14Z","status":0,"progress":100,"duration":34,"finished":1,"recordedDate":"2020-02-18T15:32:14.669Z","_recordId":"R_3P4zjAhV6795Dwd","distributionChannel":"anonymous","userLanguage":"EN","QID60_TEXT":35,"QID56":["6"],"QID189":2,"QID190":9,"QID191":0,"QID192":2,"QID193":3,"QID196":3,"QID99":1,"QID176":4,"QID177_TEXT":"Grace","QID178_TEXT":"SE","QID179_TEXT":"gracemarshall@jhu.edu","QID180_TEXT":"6666666666","QID181_TEXT":"66","QID182_TEXT":"Beaux Arts Village","QID183_TEXT":"WA","QID184_TEXT":"98004","pa":0,"IDNUM":"23012201"},"labels":{"status":"IP Address","finished":"True","QID56":["Newspaper"],"QID189":"Female","QID190":"Prefer not to answer","QID191":"No","QID192":"New York","QID193":"Oneida County","QID196":"Township of Camden or Village of Camden","QID99":"I currently smoke","QID176":"Mx."},"displayedFields":["QID190","QID191","QID192","QID193","QID184_TEXT","QID182_TEXT","QID60_TEXT","QID177_TEXT","QID180_TEXT","QID179_TEXT","QID183_TEXT","QID176","QID189","QID178_TEXT","QID56","QID99","QID196","QID181_TEXT"],"displayedValues":{"QID190":[1,2,3,4,5,6,7,9],"QID191":[1,0,9],"QID192":[2,1,3],"QID193":[1,2,3,9],"QID176":[1,2,3,4,5],"QID189":[1,2,3,9],"QID56":["1","2","3","4","5","6","7","8"],"QID99":[1,2,3,4],"QID196":[3,4,0]}},{"responseId":"R_21dEncydPMGmw4U","values":{"startDate":"2020-02-21T20:27:25Z","endDate":"2020-02-21T20:28:19Z","status":0,"progress":100,"duration":54,"finished":1,"recordedDate":"2020-02-21T20:28:19.729Z","_recordId":"R_21dEncydPMGmw4U","distributionChannel":"anonymous","userLanguage":"EN","QID60_TEXT":18,"QID56":["1"],"QID189":2,"QID190":5,"QID191":0,"QID192":2,"QID193":1,"QID195":1,"QID99":1,"QID176":2,"QID177_TEXT":"Leah","QID178_TEXT":"Connor","QID179_TEXT":"lmc267@cornell.edu","QID180_TEXT":"607-255-7342","QID181_TEXT":"109 Tudor","QID182_TEXT":"Ithaca","QID183_TEXT":"NY","QID184_TEXT":"14850","pa":0,"IDNUM":"21012401"},"labels":{"status":"IP Address","finished":"True","QID56":["Facebook"],"QID189":"Female","QID190":"White","QID191":"No","QID192":"New York","QID193":"Jefferson County","QID195":"Township of Hounsfield/Sackets Harbor School District (zip code 13685), or one of the following hamlets/villages:\n\n Alverson (zip code 13601)\n Baggs Corner (zip code 13601)\n Boulton Beach (zip code 13685)\n Camps Mills (zip code 13601)\n East Hounsfield (zip code 13601)\n Field's Settlement (zip code 13601)\n Jewettville (zip code 13685)\n Maxon Corners\n Paddy Hill (zip code 13634)\n Purpura Corners\n Sackets Harbor (zip code 13685)\n Stowell Corners\n Sulphur Springs (zip code 13601)\n","QID99":"I currently smoke","QID176":"Ms."},"displayedFields":["QID190","QID191","QID192","QID193","QID184_TEXT","QID182_TEXT","QID60_TEXT","QID177_TEXT","QID180_TEXT","QID179_TEXT","QID183_TEXT","QID176","QID189","QID178_TEXT","QID56","QID99","QID195","QID181_TEXT"],"displayedValues":{"QID190":[1,2,3,4,5,6,7,9],"QID191":[1,0,9],"QID192":[2,1,3],"QID193":[1,2,3,9],"QID176":[1,2,3,4,5],"QID189":[1,2,3,9],"QID56":["1","2","3","4","5","6","7","8"],"QID99":[1,2,3,4],"QID195":[1,2,0]}},{"responseId":"R_1puGit7yFwvtGa0","values":{"startDate":"2020-03-02T20:34:29Z","endDate":"2020-03-02T20:35:09Z","status":0,"progress":100,"duration":39,"finished":1,"recordedDate":"2020-03-02T20:35:09.492Z","_recordId":"R_1puGit7yFwvtGa0","distributionChannel":"anonymous","userLanguage":"EN","QID60_TEXT":18,"QID56":["1"],"QID189":1,"QID190":1,"QID191":0,"QID192":1,"QID197":5,"QID99":1,"QID176":2,"QID177_TEXT":"Connor","QID178_TEXT":"Leah","QID179_TEXT":"lmc267@cornell.edu","QID180_TEXT":"999-999-9999","QID181_TEXT":"109","QID182_TEXT":"Ithaca","QID183_TEXT":"NY","QID184_TEXT":"14850","pa":0,"IDNUM":"15012501","ClusterID":"0125"},"labels":{"status":"IP Address","finished":"True","QID56":["Facebook"],"QID189":"Male","QID190":"American Indian/Alaska Native","QID191":"No","QID192":"Texas","QID197":"Groveton","QID99":"I currently smoke","QID176":"Ms."},"displayedFields":["QID190","QID191","QID192","QID184_TEXT","QID182_TEXT","QID60_TEXT","QID177_TEXT","QID180_TEXT","QID179_TEXT","QID183_TEXT","QID176","QID189","QID178_TEXT","QID56","QID99","QID197","QID181_TEXT"],"displayedValues":{"QID190":[1,2,3,4,5,6,7,9],"QID191":[1,0,9],"QID192":[2,1,3],"QID176":[1,2,3,4,5],"QID189":[1,2,3,9],"QID56":["1","2","3","4","5","6","7","8"],"QID99":[1,2,3,4],"QID197":[1,2,3,4,5,6,0]}}]}